ds,state_0,state_1,state_2,state_3,state_4,state_5,state_6,state_7,state_8,state_9,state_10,state_11,state_12,state_13,state_14,state_15,state_16,state_17,state_18,state_19
2013-01-02,0.02398367545573439,-0.14396883377547876,0.13480948116574337,0.07244623961035804,-0.12002299866723479,-0.05307490654824753,-0.0686995295856027,-0.11915818643792472,0.00871149244117739,0.12337107354197,0.03976268819585221,-0.1324384493390177,-0.14023368517588766,-0.1396330033599921,0.1482540581688361,0.12403807715802262,-0.0573131849974135,-0.029342223475445788,0.1255893938345125,0.0070718879871658515
2013-01-03,0.0984502203954376,-0.22942765568272006,0.20727932387453174,0.132935900570045,-0.17537151079257624,-0.16336978465577634,-0.16634148750575872,-0.07756970795919438,0.049637678661345226,0.18906010655266095,0.06624511945726175,-0.07064552853871227,-0.20563051452363662,-0.2015726915325897,0.2283171204449524,0.20050184462960527,-0.16726469686008422,-0.010391040280186321,0.2126096191368853,-0.10356035993154507
2013-01-04,0.10840234593135757,-0.30659160145000336,0.1865528215758738,0.23869793875475304,-0.21952007579478516,-0.17660256113896988,-0.2645069363242341,-0.08027544593124042,-0.02797712921406196,0.2834793570275237,0.004928303759344832,0.025570180180358053,-0.28078271710344616,-0.27497671073128255,0.24285271060216512,0.2335424338233959,-0.18103564906682135,-0.0415646778476081,0.3141253828733906,-0.18164161824440317
2013-01-05,-0.03024845207524189,-0.3866174159355823,0.0914785322467109,0.34348972670474376,-0.2453348186305358,-0.027892410501767453,-0.34051888641934447,-0.19399409973939075,-0.0911917906178401,0.3399312062201714,0.03732173278150366,0.04127765996204534,-0.37991826558329655,-0.3616269493961718,0.2911751967492359,0.29208080196493125,-0.11450061634106251,-0.09864864530290869,0.39315465284699314,-0.09095565491073061
2013-01-06,-0.15762382007585332,-0.45968905296431734,0.08330566821232088,0.3928014016437304,-0.2993022250860486,0.10526133512597682,-0.37353328881953585,-0.30421497310783807,-0.07589387839006374,0.35062764333394425,0.11889746810337723,0.0015708420506399534,-0.4641969406514977,-0.4395864842284669,0.3457006131590993,0.32816367944228986,-0.05509144850225007,-0.06600674747987988,0.42981175107776337,0.03326065225974818
2013-01-07,-0.21362736646254699,-0.5348861558352679,0.19695122525838327,0.314668774309378,-0.3879566462191256,0.18287532862471656,-0.36247686063227397,-0.40164291940104707,-0.0774773886668225,0.41729147778813414,0.14212920994105321,-0.11252210097769069,-0.5343590236918001,-0.5174137670232297,0.43326779577836905,0.3434798374719764,0.023781818617272465,-0.0037629491002388257,0.4786808027936411,0.13484604172587958
2013-01-08,-0.15502603311630045,-0.5863519975096164,0.30697868901128555,0.15121484064985663,-0.4531101281723261,0.07172424437497339,-0.341194479870637,-0.4507399040261049,0.0480185962146803,0.3838912128288429,0.23391386519924867,-0.16765088339340026,-0.5570765351065687,-0.5626855891351976,0.49967288506054364,0.3717898881031229,-0.0814507319608837,0.09905253477086072,0.4266025865939736,0.13682164146934273
2013-01-09,-0.04901241647816572,-0.6237590524771919,0.39478517658073087,0.058237933234866465,-0.4910490565883807,-0.06323149200056002,-0.3600911921891157,-0.43680288341766815,0.145863546204895,0.37559506129627646,0.30124872057871416,-0.18675560800344967,-0.5704508422774861,-0.5948988937321742,0.5583326429907753,0.4231614611960051,-0.19638131198757916,0.13671117163514074,0.40879048649477895,0.05547484574792223
2013-01-10,0.05169742446037944,-0.6329177996385237,0.42834950712217845,0.08229431174512952,-0.4888300449318298,-0.17982456393564328,-0.4151504217241368,-0.34278289868675593,0.18142175576662323,0.3962988077359521,0.31152178065424246,-0.09084911858981427,-0.5610706823591506,-0.6013888555425219,0.5632222135605564,0.4549636383573882,-0.29349981090427724,0.1208546541634718,0.4337701368737989,-0.06425428434294524
2013-01-11,0.07951991838672406,-0.6533316133472895,0.37523630677487296,0.18904682532850592,-0.48837749611064707,-0.1932834681524428,-0.476768343389025,-0.3195429634099798,0.08082392382407007,0.46251195000391876,0.22468759653585219,0.010089784098528107,-0.5865828617897523,-0.6302996998821798,0.5307709370351152,0.4560136237601384,-0.29131741793672267,0.04759489450226779,0.4991291096562914,-0.14473497749655023
2013-01-12,-0.04981988724539904,-0.6787747089137182,0.25259345312993225,0.2963963597406174,-0.4716365988285223,-0.04781524459662642,-0.5215660551832155,-0.39583295421195963,0.009333393643625468,0.4866421494869078,0.24135626659550496,0.0463937553655857,-0.638426305369308,-0.6664269269003812,0.5211190935166319,0.4802557473383337,-0.22623911969425478,-0.028032304578694052,0.541630849661766,-0.0660327222678479
2013-01-13,-0.1727020626928488,-0.7084396902409951,0.22183016237326506,0.3419722150401483,-0.4920312568764932,0.08752262002949499,-0.5284699595394919,-0.4764854551172987,0.007810887711022325,0.47704757523189656,0.2993860075069235,0.009066622152961955,-0.6840058399468233,-0.7026173026317956,0.5384045639192805,0.48996967858356427,-0.15656822995778624,-0.020350231249354894,0.5473992314531584,0.05392924945893288
2013-01-14,-0.21773688907387925,-0.7447436992199516,0.31544085410841405,0.237932374713135,-0.5502131074919598,0.15517742884709454,-0.4946635791137157,-0.5462771797868361,0.01032602398278061,0.5169614302997536,0.3130314969081606,-0.09380613932920127,-0.7177896339372924,-0.740525282835321,0.5916381654285714,0.47496292731233347,-0.08507445880162964,0.040281601311265354,0.5637376424270837,0.14398551388574357
2013-01-15,-0.15464625851847527,-0.7641962884529603,0.4081045861099001,0.07987562141202909,-0.5905012521348212,0.045909648955138646,-0.45401816411722773,-0.5726160129417188,0.12306518849945627,0.4666410615701031,0.382970271914862,-0.1483840866921872,-0.7112294647600532,-0.7557860632924884,0.6321697664761935,0.4834561793282119,-0.17948554872725603,0.13230685500015396,0.4853098292948799,0.1394606878878957
2013-01-16,-0.04402505865750116,-0.7706116360184871,0.48153671795721475,-0.02059585310164505,-0.6047539840302937,-0.08870284686366878,-0.45608913396090023,-0.5267961619203833,0.2151263899730548,0.4333730368204579,0.43479193868184896,-0.15499475511174032,-0.6917377674756243,-0.7576159800349531,0.6653726273190296,0.5151307316930225,-0.28512549315555674,0.16868366295898143,0.438572840569235,0.046938720141464885
2013-01-17,0.052832185117494664,-0.7649876513502292,0.5049481591238736,0.021361606496396544,-0.5887708959250187,-0.19653994234579036,-0.4972413130848811,-0.4352489830925581,0.22527029363174944,0.45722926227835303,0.42308488970361474,-0.08036269195712523,-0.6769929959398018,-0.7541930962564669,0.6653292359459743,0.5374462238186757,-0.3661183090974426,0.1261915632583165,0.463903259252146,-0.06875726257206283
2013-01-18,0.08240137968104819,-0.7628406826632272,0.44433847582880315,0.13184002515520116,-0.5711034864440051,-0.21153976848252923,-0.546764302032262,-0.3920659146792828,0.12110859751004639,0.512361184844774,0.3275785602964267,0.022944732437821802,-0.6819310422679119,-0.760720577675949,0.6069672294976751,0.5235039187771432,-0.3635255588314996,0.05147790541777261,0.521828047775448,-0.15424977178511556
2013-01-19,-0.046087731643050966,-0.7678891300845048,0.3146527325716906,0.24424301238827512,-0.5373873066266226,-0.06678248065763193,-0.5814258137652711,-0.45339935135459347,0.05077843612637204,0.5217084938591499,0.33760236462359405,0.06844177468984813,-0.7177629470248943,-0.77601687955854,0.5708801493507668,0.5337671232032037,-0.303887643408448,-0.020621792365747703,0.5549550030552293,-0.08492812682346969
2013-01-20,-0.16845859899931812,-0.780251067137339,0.27882775742183535,0.28332622831705534,-0.5426611946708316,0.06809172535529648,-0.580163537634611,-0.5228394569852883,0.055265891398681606,0.493334264583034,0.3879341441832752,0.04491892989134348,-0.7493268619407426,-0.7937820273652405,0.5652892979996952,0.529581778937255,-0.24289127632772325,-0.003790645003370917,0.5467548119713508,0.030496037004743307
2013-01-21,-0.2193169236249713,-0.8068605117270684,0.3650011000251389,0.1964727149187438,-0.593518504113866,0.14855115101586436,-0.540654904939493,-0.5869690765134934,0.03552711273552295,0.5367589963501641,0.38543541430910944,-0.07174041223031033,-0.7758505831944168,-0.8196290503219663,0.617710108331265,0.5132423999913105,-0.15128512434334504,0.04086898802482486,0.5686652651645674,0.12678055611528605
2013-01-22,-0.16039418278052428,-0.8185825588005635,0.45077212492935675,0.04632282479930373,-0.6274845195722941,0.04713675680816806,-0.49493012978779494,-0.6108831843028402,0.14026720104889223,0.49185585485166156,0.44417621518959116,-0.13771481353209106,-0.7656951911787995,-0.8267332838866464,0.6569188638599446,0.5178685474082526,-0.23358390706518095,0.12658324719946884,0.49535343296934387,0.12644247355772686
2013-01-23,-0.052955803499213555,-0.820549819569717,0.5185562276799789,-0.042521524574281454,-0.6377842868423227,-0.08376839257332866,-0.4923254567558656,-0.5714118528140757,0.2233935498432209,0.46660317119976463,0.485313053761348,-0.16067421135144527,-0.7468676035757968,-0.8244643306935528,0.6905045256604732,0.5465899335343835,-0.32886293070572,0.1512237178473767,0.45649082707187494,0.03953326310474907
2013-01-24,0.04456037343314466,-0.8067395353930455,0.5382610912460276,-0.0003716707862862767,-0.615825796807396,-0.19222340687294034,-0.5287109265462114,-0.4725614271979446,0.23251685505824982,0.48440168677822437,0.46907314955317253,-0.08466129692448227,-0.7226879283585095,-0.8117149293546322,0.6853034986600741,0.5629701634537835,-0.40439266195578694,0.11008378038860701,0.4775629101728912,-0.077076699520368
2013-01-25,0.0719595211853915,-0.8004765275165948,0.4755417154059244,0.11507293652374928,-0.5950201348156108,-0.20200387157603727,-0.5740221688951277,-0.4303645098624574,0.12254580057459964,0.5371664038412085,0.36644037076521524,0.014392663780823434,-0.7236929728627738,-0.8126408237435379,0.6304601323754778,0.5460409186299602,-0.3925948396703076,0.03164755174565982,0.5345592760796418,-0.16099568707497358
2013-01-26,-0.055960944958136284,-0.8007152240080363,0.3433054384872858,0.23036134544455045,-0.5584544815629783,-0.05725011467569138,-0.6051708952438037,-0.4873061881949431,0.049213127054770704,0.5443835155599532,0.3715852380853859,0.0574937339523406,-0.753677974636467,-0.8213842267657048,0.5935426415322865,0.5528240574106962,-0.32710531416274324,-0.04109734427205647,0.5665609371838312,-0.09157413564409689
2013-01-27,-0.1802701050508305,-0.8157267338486509,0.30515654552162397,0.29406380047426267,-0.5691787286319063,0.08436006562482576,-0.6018866684672892,-0.5566445753679377,0.02096905316845584,0.5414747349553739,0.4077222037079271,-0.004528080381264378,-0.784157106969859,-0.8387335683133431,0.6129493554948541,0.5560978707983245,-0.22933948717852815,-0.05541893251106032,0.5771539612336128,0.035025862274624814
2013-01-28,-0.23119677735066613,-0.8371960266600431,0.38800048067804505,0.20749079745988278,-0.617274228477291,0.1637526198793307,-0.5600296190748493,-0.6163967370572083,0.004226388874057735,0.5785537977734928,0.402292131136464,-0.11607863492600502,-0.8057948120005667,-0.8581019316522751,0.6585996413345507,0.5348280614984825,-0.1350545672944422,-0.008897925654420977,0.5951115109721558,0.13063761142946925
2013-01-29,-0.1847807270458992,-0.8504079689703956,0.4705286046119692,0.07092746751775145,-0.6529364636273631,0.08542091488315413,-0.5129922190680504,-0.6514037612625208,0.09578944946940787,0.5594154662659468,0.45108444314039253,-0.20338938880531215,-0.8076451550546565,-0.8674431488487134,0.7000320428118076,0.5457794847753513,-0.19581758072730165,0.05772003205801791,0.5475942571226339,0.1516199380701044
2013-01-30,-0.07641357952781665,-0.8507099989594888,0.5355546894311414,-0.013885019662241718,-0.6641980825841498,-0.0484731462594864,-0.5080504725644832,-0.6211126582774305,0.1811400411771263,0.5321519722642448,0.4891185093871162,-0.22934112732653789,-0.7880257147580384,-0.86246410963036,0.7298176613692948,0.5716582525619782,-0.2927590514504993,0.07961765405649741,0.507413462316171,0.06586009267319017
2013-01-31,0.02430486815344468,-0.8332534726533644,0.5529121095663668,0.025473007474556643,-0.6425223133119284,-0.16232062134837835,-0.5421382511160553,-0.5224210925727006,0.19726658803902816,0.5396608291980207,0.4724401791347744,-0.14610321932941622,-0.7570673914220392,-0.8439994261267452,0.7185387362267827,0.5835645423534036,-0.37216901718247397,0.04437671352651541,0.5198374946836957,-0.05460139157919674
2013-02-01,0.006992792469218634,-0.8200514117363558,0.45603702600699453,0.1366363343405746,-0.6307963732583403,-0.1913555204298049,-0.5952652858026518,-0.4662193611058039,0.09581254328809516,0.5440106364253338,0.3196362315722841,-0.016124942258778807,-0.7405012203283962,-0.8054303900032808,0.6415333974599855,0.5415543296053877,-0.3109335052073084,-0.03733187638741331,0.5762993787851858,-0.14462662567287557
2013-02-02,-0.12748562983574935,-0.8223577410962442,0.3040272773778007,0.2523734689037126,-0.6078882635331778,-0.04579920991458125,-0.6352642009996999,-0.5234383829998737,0.009095656902087093,0.5045668385171203,0.2662946215921313,0.03782063581129523,-0.7685112460105192,-0.8001541119880786,0.6154079950475968,0.5412789372391196,-0.18497011123836554,-0.12348417468062808,0.6184671514010128,-0.06710174596617335
2013-02-03,-0.24880646696823816,-0.832768836720575,0.24294919886638117,0.3083358849829235,-0.6185125805639771,0.09079776725664564,-0.6477516114444624,-0.5866026568451312,-0.01635013119861168,0.4384973967154345,0.27613662709562725,0.00877639515726376,-0.7946698639998864,-0.8054967931792336,0.6231395364173411,0.5318534325288466,-0.06282234830163347,-0.1336212615286571,0.6354285264646676,0.05471349643469616
2013-02-04,-0.31768082464868486,-0.8512460783169573,0.32608548470573884,0.2124223586707178,-0.6609483970221688,0.16162948127468812,-0.6275601022924736,-0.6412169742050622,-0.036416267907997985,0.4509067789408945,0.23966258719648753,-0.09023765801290067,-0.8118176210210086,-0.8218284258997215,0.6650413799651196,0.49942942328906625,0.04963621922481958,-0.08090265426604798,0.6574569339286458,0.14688763867524063
2013-02-05,-0.3030395892373735,-0.8620640101698798,0.4138853043092982,0.07148397956291826,-0.6920300558618,0.07512956933124398,-0.5997420168038473,-0.6710454105072186,0.05247228072482543,0.38635442109606394,0.28121703013185795,-0.16647828438926981,-0.8068337274374469,-0.8186516725082278,0.704366309861613,0.5057125983329005,0.018021309619393945,-0.008384625348748738,0.6278581316151629,0.16665155333469717
2013-02-06,-0.21730418560235848,-0.8641949597444594,0.48163881231448613,-0.0077414576357739615,-0.7026581178717015,-0.05624320489193539,-0.6037327363119998,-0.6473623930978261,0.12531504877106633,0.33565034927002957,0.30689619739942836,-0.1924008479994273,-0.7874447473186887,-0.7977992909023774,0.7360667094366286,0.5345705898478627,-0.07242975484090149,0.005690418444348887,0.614570015204397,0.0882340372564693
2013-02-07,-0.13083808497240298,-0.8497918146933094,0.490548804550631,0.034347006426378786,-0.6824101575398286,-0.16919502967523328,-0.6353342404306592,-0.5549528362740467,0.12262669859990698,0.32808563718622663,0.26556100789467696,-0.10706413174350744,-0.7531938117659285,-0.7535299808754543,0.7298874174678255,0.5487336232233608,-0.14429410976552148,-0.03182380066039123,0.6355586441496663,-0.03179263734089442
2013-02-08,-0.12044128153867507,-0.8394059666125181,0.41051935272770357,0.14314987413569813,-0.6601730947593806,-0.1900205034457058,-0.6721838837713283,-0.5081389482925303,0.014360099627504563,0.3764941255171127,0.150978364579439,0.0034272060373413404,-0.7418241819193467,-0.730118924623866,0.6684351139761898,0.5271484083049301,-0.09629750508140963,-0.09700173969208341,0.6769821351339311,-0.12117392804579805
2013-02-09,-0.23412107332411264,-0.8394994162346711,0.2692971564168496,0.25577280283377324,-0.6260681182996657,-0.04612721902105643,-0.6978290216513567,-0.5596012394544265,-0.06868286803926216,0.36751355328400814,0.13785369452175328,0.04552724360127289,-0.7688995113097903,-0.7318239296168944,0.6398696787477504,0.536151376331783,0.003057715812638487,-0.16439313942010922,0.7042872376565211,-0.04857893786638046
2013-02-10,-0.3397628592030997,-0.8520656042193968,0.21723198067037447,0.32069338953981086,-0.6352177036157426,0.09474368334176576,-0.6966437544474614,-0.6200062104831321,-0.1133197823901008,0.352383118148857,0.1674116238527507,-0.021034951691530836,-0.7973394195793821,-0.7527222629600552,0.6615552050983264,0.5422655060005113,0.11420758577579633,-0.17893964039496996,0.717987811715417,0.0768466438749957
2013-02-11,-0.39721351761176105,-0.869806671092427,0.3053625360006362,0.24320672128533072,-0.6765498012669625,0.17837809354125395,-0.6634077013630859,-0.6723348229222905,-0.1507214897657933,0.39918742646541805,0.14404737634904544,-0.13608970480623767,-0.8182071484990705,-0.7803239070943337,0.7037722087400597,0.5252129967246841,0.2166834338887989,-0.13677892894431862,0.736181780975199,0.1749146068769195
2013-02-12,-0.3885684388156361,-0.8844634388868724,0.3965826434961069,0.13657427971699238,-0.710379208099195,0.14109527475419115,-0.6259075396310838,-0.7126289586222119,-0.10249632690466216,0.40863378037425724,0.1809305409541298,-0.24416608204773,-0.8318092419620622,-0.8001317419338173,0.7450506992624492,0.5495558332808663,0.23493149583136594,-0.10802714854265633,0.7325300315723562,0.22739780837835974
2013-02-13,-0.30422642649466514,-0.8927006748532926,0.4668552499318173,0.09662302676786812,-0.7268134552848289,0.021139681458608173,-0.6233781840948386,-0.7229435779957779,-0.05214890303785741,0.4092143564555366,0.20525325258016253,-0.31090256635810865,-0.8328368087489038,-0.8042041641548894,0.7788392252073819,0.5854561738296538,0.1687926621698331,-0.12710903353545627,0.7316461312038587,0.17523582142839694
2013-02-14,-0.2028422086881902,-0.8785232504420856,0.47615503166024453,0.13165374428786664,-0.7086936331550089,-0.10195182867233557,-0.6503224155771975,-0.6432315235450795,-0.03589310465182448,0.39684828241405967,0.18178489375901816,-0.22289762998564133,-0.7953929116042544,-0.7590017662614392,0.7734817374079134,0.5980522771135063,0.07688927025718675,-0.15129185236416037,0.7369729870227286,0.04553768291096778
2013-02-15,-0.17910332781656052,-0.8669355625550246,0.39492614018093214,0.22851354963179407,-0.6873855188908472,-0.13220790310081193,-0.6837825081855196,-0.5998112719554943,-0.12249664123508276,0.4364997309766544,0.08235920406249747,-0.10293967864182398,-0.7786517289703659,-0.7327029289876559,0.7136582654077347,0.5760267623773652,0.10659984060897024,-0.2016080695951995,0.7633425852540205,-0.05258051780525749
2013-02-16,-0.28335882064001483,-0.8646289731198415,0.2533280672234073,0.3292482771845071,-0.6536432143499816,0.002443244576133499,-0.7061955692060914,-0.6410348754422615,-0.1855522967165116,0.41880369283022184,0.08333972757675351,-0.053932223078554054,-0.8001370636490267,-0.7316224417286089,0.68233059043463,0.5821955001672243,0.18326054405345688,-0.254645795806455,0.7773543272484607,0.012558519739550786
2013-02-17,-0.37997071054457654,-0.8699640028846363,0.2001727362384757,0.3697371158807887,-0.6556361454854336,0.12995338815665347,-0.7006732398028459,-0.6877163077160843,-0.1894874793510435,0.36876590435319306,0.13567292658602476,-0.08472485994107015,-0.8207130920516268,-0.7419995503193476,0.6820076223213942,0.5767369455562379,0.25853748129842336,-0.23260881891130467,0.7690948688328425,0.12251866701354142
2013-02-18,-0.4272079591681237,-0.8843847794873096,0.2894828698661779,0.27380425738618236,-0.6929789007630118,0.19911464799828837,-0.662873680526292,-0.7292411029868506,-0.20226414490571099,0.40345065731839724,0.1283140088203423,-0.18584063947967241,-0.8355626514714263,-0.7681489986832525,0.7188091561828123,0.553150660639609,0.33527936496957733,-0.16757894285862646,0.7746808330806347,0.20980511160585238
2013-02-19,-0.3814028276323862,-0.8882269845165589,0.38267160341700296,0.1143248379829063,-0.7166585915306263,0.08939051385894638,-0.6198074536801745,-0.7419326863969442,-0.07965694672059728,0.32778844177039723,0.20219352001765054,-0.2418270269780161,-0.814393715874891,-0.7581543197070274,0.7460969572121433,0.5515496488821081,0.2518371413432511,-0.061317847361995886,0.7105134568056319,0.20836414536034767
2013-02-20,-0.27523203896346626,-0.8859139137565162,0.45493555273752395,0.021187774168589413,-0.7205232720304466,-0.04811122021246582,-0.6140213984402555,-0.7050463806890386,0.015152435982764306,0.2796380278477055,0.25112679481132427,-0.2601532164016749,-0.7861986752452265,-0.7349318850679479,0.7700557239678745,0.5757331400385863,0.1259740654497392,-0.023967404136652156,0.6776336912895249,0.11994835543956522
2013-02-21,-0.17621102018595342,-0.8714745133806953,0.4673452100765464,0.06102274606154447,-0.6955252917011977,-0.1627405657555741,-0.6407474950148043,-0.6108397394052608,0.02227988068102338,0.2853654323630718,0.22561534510156722,-0.17935224293065352,-0.7522418679424111,-0.6959587093715958,0.7622389780136783,0.5886771418811567,0.03105916882944,-0.05306539375462213,0.6893004789800091,-0.0030647693304373114
2013-02-22,-0.14876908536878605,-0.8542549341025294,0.38982131234792167,0.15919083266707307,-0.6647854902683019,-0.199156166858064,-0.6746418494986427,-0.5431906714135366,-0.06375623411483661,0.33214976963209314,0.1288702169649199,-0.05463957390232514,-0.7296439112312572,-0.6644568281565969,0.6796409091461193,0.5607575747971424,0.0430875910634653,-0.09888213477761648,0.7198060191974289,-0.10163401488247965
2013-02-23,-0.25696627626257224,-0.8528614702665562,0.2508362026082801,0.2689761156364109,-0.6256276966790226,-0.05609904900860836,-0.6975376683486322,-0.5890189131005912,-0.13554098558768576,0.3295060233050952,0.12624857307172638,-0.011191885035548355,-0.7577801555580999,-0.6718930575412915,0.6489769615682106,0.5673842220514682,0.1222981214963197,-0.16010133264043436,0.7395977791767651,-0.03202860068385459
2013-02-24,-0.35744347557102807,-0.8601253348038188,0.20044022419292057,0.31731065236021755,-0.627161380361592,0.08026960612704659,-0.6921855141628921,-0.6426237372835195,-0.15049630476372888,0.29667561318892016,0.1729711854798646,-0.050974252402622364,-0.7848344843448036,-0.6919445604865171,0.6544018743645335,0.5637369221014089,0.20380192887032023,-0.14716479521700135,0.7377859663062187,0.08435443416387173
2013-02-25,-0.4049259100767407,-0.8750678377451636,0.29061386247414056,0.2145731940914923,-0.6663784257619947,0.14814561897578304,-0.6540874544384834,-0.6889933975133834,-0.15923807276506743,0.33436050669341344,0.16838383638120494,-0.1500590225216323,-0.8024505558008357,-0.7231165621004594,0.692453471529206,0.536059819723933,0.2799615516211121,-0.07817031544562927,0.7438282437878295,0.17170301775351965
2013-02-26,-0.365853742660037,-0.8820254592880993,0.383955599820756,0.06733374962219504,-0.6934342802657408,0.052695976757791904,-0.6115412085028253,-0.7089709480752784,-0.051511086063827136,0.2827211944443208,0.23361082733595595,-0.22030623026368243,-0.7926086797030498,-0.7265103395350576,0.7264939859309003,0.5403506914324531,0.21041702020678382,0.010702753210810698,0.6935439496998741,0.18142565296861113
2013-02-27,-0.26439916011271314,-0.8825978158568943,0.45640729342682773,-0.013735747474198118,-0.7002161228639574,-0.07705684394598414,-0.6066161228949177,-0.6797356371498224,0.03172023567834952,0.2520007930284773,0.2756760373230123,-0.25052333109788805,-0.7736400890391658,-0.714750511298593,0.7556363002287217,0.5680035349890964,0.09413966797472052,0.03279887671137386,0.6695221616196407,0.10052964850972773
2013-02-28,-0.1641820552068921,-0.8658710029406674,0.46946429016112223,0.022354290990804403,-0.6738997877810918,-0.1899174851173307,-0.6341470406358145,-0.5766272580055047,0.042090994449713065,0.2555264125538867,0.2517640111946605,-0.16222506675297316,-0.735456319457762,-0.6728283493928959,0.7452476174691512,0.5798828063602697,-0.003913064212485315,0.004837937964296955,0.6795819695504628,-0.023114929641678425
2013-03-01,-0.18602012597352524,-0.8366944285236445,0.34142201092441615,0.12547624589328313,-0.6248936892376579,-0.21174810907847086,-0.6729594758821311,-0.48751573072626025,-0.054119581380029626,0.2477452869437484,0.11613666850565531,-0.03276411056642077,-0.6913813010904951,-0.5826800842773375,0.6556086415515852,0.5227611973288463,0.05610492010630466,-0.06619995262503513,0.7120267349005599,-0.12241314791778102
2013-03-02,-0.29792304589081015,-0.8329138676286796,0.1792284285686983,0.2421104388672517,-0.5709808951108314,-0.05827852270807535,-0.7006480582260592,-0.5375448255687109,-0.14235087390473405,0.20100301871550616,0.06271187518864178,0.004773235105709477,-0.7215485201031784,-0.5644206424112179,0.633391109008389,0.517464101041643,0.16460658252711338,-0.15045756597313467,0.7363924503246546,-0.04932514140995138
2013-03-03,-0.3966255782932391,-0.8320159508654015,0.09005287860031573,0.27950832983725243,-0.5561236864173377,0.0766537064899591,-0.7024976312508675,-0.5921310458027476,-0.15478701554473923,0.10430983179929709,0.086563892530518,-0.0071486865395939065,-0.7447287733733766,-0.5451698658878642,0.6193565502114288,0.4913798093418097,0.254378552908188,-0.13465724494754,0.7285775953789152,0.05998981114247648
2013-03-04,-0.46000913034473584,-0.8499169180872731,0.17058142833330575,0.1932927692684817,-0.5990228792309943,0.15967878919704123,-0.674945095377149,-0.6446579369438421,-0.19291310520859126,0.1278157439619119,0.044104541974795554,-0.11733708966601407,-0.7650048533129152,-0.5806433064168668,0.6646267337207608,0.45662257782909227,0.34605283433540257,-0.08761790772134015,0.7422212549330005,0.15235583654511428
2013-03-05,-0.4491037713150469,-0.8523214586663876,0.2691590578667342,0.04322298031075092,-0.6222214464855804,0.059693010892113804,-0.641243489283538,-0.6532514457320144,-0.08610406828877198,0.03406385912169137,0.10309563667725248,-0.17595323664501716,-0.7324481632035689,-0.5393153729033716,0.6978756675540606,0.44820964036355576,0.302427415906472,0.007840842409622253,0.685217081327461,0.14895260992857545
2013-03-06,-0.3787793863348919,-0.8518240917568732,0.3410065049187271,-0.028942171696176515,-0.6220162247122065,-0.06550252325495294,-0.6404828915868884,-0.6164774173145164,-0.023124035560808713,-0.01384985263663974,0.12854802244282668,-0.2147281971332003,-0.7060946596728553,-0.49932910144830167,0.7318885284353096,0.47964794854052806,0.22146053649885772,0.02079141118359218,0.6706822286499208,0.07146277672899695
2013-03-07,-0.29680281046803714,-0.8231266809043395,0.3299629218458136,0.004123049411472728,-0.5769336189419743,-0.17904133576615133,-0.6667755931287436,-0.49164154175105335,-0.023867013507217073,-0.038224868333894185,0.09200927809659969,-0.12173231598028875,-0.6419321537623304,-0.4051374982065805,0.7175974123260748,0.49031113923062103,0.14337592333980168,-0.0021623440773606596,0.6813073954764716,-0.0525930019503455
2013-03-08,-0.2846957528085075,-0.7923603516138619,0.2284284407642619,0.10296672293571468,-0.5263665464993184,-0.2157876193687982,-0.6984606459858239,-0.397929848532654,-0.11227137201467831,-0.004576137283578526,-0.006891135787836636,0.0039687135136086266,-0.5953259455720461,-0.32669642772862323,0.6209062069004367,0.45487978763003994,0.17512646053897715,-0.04353733388649883,0.7123054494296347,-0.15277587407490595
2013-03-09,-0.3787652960469482,-0.7843385550820933,0.08567288274866193,0.21673123805502506,-0.4645435636448199,-0.07354125308361593,-0.7195947511515137,-0.44723883340111364,-0.18299721037744948,-0.0335171495656058,-0.016074455347639006,0.05863042167067703,-0.6303872006377748,-0.3081205071707154,0.5770753257594261,0.45895536069312426,0.2546016591799088,-0.09778586364698394,0.7310904571153302,-0.09406802446893014
2013-03-10,-0.4650965911785728,-0.7955918192806326,0.013053329160676058,0.27104974191456577,-0.45931443366654634,0.06671524660804529,-0.715293953341118,-0.5175414007288959,-0.21318994066094088,-0.07264698010919696,0.021403595304186347,0.011463082583914812,-0.6705618514583225,-0.33496902853332916,0.5915821192724092,0.4572932161278088,0.33819589918371507,-0.08707636498560574,0.7339963448694533,0.02720128256690925
2013-03-11,-0.5128976937193734,-0.8172624481796286,0.10652743680772812,0.17149661057280144,-0.5113701534764474,0.13783425014990702,-0.6809298648053721,-0.5781788159360872,-0.2349525868321399,-0.033641889005387414,0.0072290489089089725,-0.09427502781530227,-0.6957167448859658,-0.3892560166645818,0.638051385156298,0.42781654494346066,0.41301605445721523,-0.017625208889480173,0.7425498814682658,0.11681793421982865
2013-03-12,-0.48690286189806914,-0.8243831155848232,0.21510371878186532,0.024425139023584383,-0.5431004130050233,0.03647673180009073,-0.6421278372528487,-0.5930866285538324,-0.12587119131873964,-0.10012605502408468,0.07957047405942212,-0.15840183332816077,-0.6698390493397292,-0.36841197413639265,0.676106179959338,0.42946520780828207,0.35844408379523873,0.07788218620991483,0.6869279130420078,0.11609786788297094
2013-03-13,-0.4028476911788342,-0.8272710874061421,0.2953491768644223,-0.047429823080825884,-0.5484914083091967,-0.08833741579498164,-0.6384575781532017,-0.5577624784963956,-0.05899671941459325,-0.12709376808750378,0.11773024186799097,-0.19901900174879117,-0.6476729757132884,-0.3443823800800426,0.7134615891816657,0.46645460708227576,0.26591393074206415,0.09624810500124152,0.6714707169573939,0.04016940025505791
2013-03-14,-0.31182280480338226,-0.8031989207571503,0.29150858494956805,-0.010178391468302947,-0.5081340506314428,-0.19959129452305235,-0.6636606961145134,-0.43847947416271865,-0.060177286686147455,-0.12923924126825287,0.08952057259486244,-0.11162334438086619,-0.5907567583438302,-0.26955015476274347,0.7058507465563681,0.48326749597315477,0.18231867771818427,0.07207464659102672,0.6831279728691618,-0.07936736689587828
2013-03-15,-0.3062894562887465,-0.7957247679344293,0.19533529167703448,0.10977665144528032,-0.47643446364782605,-0.2057754433062597,-0.6951951343749441,-0.3924717917528528,-0.16458069452004254,-0.04195678833058919,-0.01792004064261299,-0.017662095763759822,-0.5858560164851915,-0.2514209003850309,0.6664941103469012,0.46960348177954525,0.24030027358720613,-0.004480082695015798,0.7201366244975564,-0.16145535170334668
2013-03-16,-0.39797635399767073,-0.7974137101455415,0.056825354608237275,0.2285634495010958,-0.43106364426813476,-0.05777348575292006,-0.7159342703659555,-0.4542353646674163,-0.2421247872942379,-0.0374065712151881,-0.030871737580624968,0.011477917389003748,-0.6295350610885745,-0.2659370286287889,0.6470776479965819,0.48343895984260465,0.322242231149213,-0.07856975893703819,0.7436735878550222,-0.08754831859689656
2013-03-17,-0.48109221107569755,-0.8070745612221861,-0.01269851227245121,0.2823797746255283,-0.4331729132837044,0.07865475258229562,-0.7100634245929407,-0.5239320508249921,-0.26341015673100293,-0.07478575472548515,0.015064033982603458,-0.029816471882056196,-0.669450517437975,-0.29538011465209557,0.6523004242794697,0.4810054261642805,0.39664365802619955,-0.06696667017188464,0.7441096667951395,0.031869516291263486
2013-03-18,-0.5265634929643902,-0.828164328765602,0.08350471355452434,0.19118196189216038,-0.4912371121075978,0.15047144372507423,-0.6739028510121625,-0.585393204682552,-0.2849118741429346,-0.02522651164772346,0.0027328566000285395,-0.1355291034860331,-0.6973245453543224,-0.35871668208290985,0.6922389467209007,0.4548507902446071,0.4660038918278311,-0.005478495950777339,0.7537717608653358,0.12386423596538464
2013-03-19,-0.5070685386178871,-0.8405948061609697,0.19480052303027928,0.056196680474252345,-0.5328146570371849,0.06706669567176946,-0.6342895932880301,-0.6171076149843201,-0.19385899154324665,-0.06277526600515478,0.06610312530041401,-0.21929790795246126,-0.6943855881909353,-0.37170941830357507,0.7296548281330477,0.4660038306714357,0.4389918335196996,0.06804444850913105,0.7193841438105621,0.14331228927550846
2013-03-20,-0.41786739901272496,-0.8413937023325009,0.2769710460246663,-0.01896706148230104,-0.5423489061685857,-0.06408622355276014,-0.6300907305370198,-0.5826197788811995,-0.11422687400927936,-0.09657540989001587,0.11074376873634093,-0.25057592623154845,-0.6661674748964679,-0.34181135538205165,0.7590252420929595,0.498199030335567,0.33663418802360207,0.08881383583184638,0.6972310655185437,0.06204894221269425
2013-03-21,-0.32367888502964554,-0.8171139160341435,0.2735483552717547,0.017995244930081502,-0.5066786364377681,-0.1796566355254145,-0.6556233879846479,-0.4660296378723213,-0.10659487855435776,-0.10200928427194435,0.08646879684147495,-0.1580268371880735,-0.6064873507582388,-0.26513346228600915,0.7465521165361488,0.5118381027106725,0.24621354170989643,0.0643654063736223,0.7048102654493764,-0.060430783100551805
2013-03-22,-0.3148886663966393,-0.8080282054847885,0.1778388765853799,0.13431751735150516,-0.47765673498450945,-0.19258667335195004,-0.687731789872192,-0.41916863097860263,-0.20277013185102055,-0.019788815209912228,-0.018341109479618325,-0.05726544983832765,-0.5975127156513399,-0.2431620534046874,0.7010139686312412,0.4950024576939615,0.2952511496284017,-0.010322987390571269,0.7382053410018972,-0.14567677163487922
2013-03-23,-0.4058869971233676,-0.8125930267960603,0.04072329018209615,0.2521210868308384,-0.43934419143143966,-0.043157070716994844,-0.708939895123502,-0.4827972638953185,-0.2800432193269978,-0.004948912503875849,-0.03555622463430152,-0.03950497512890753,-0.6424338280966346,-0.2689619688725601,0.6894141294597014,0.5101977086229044,0.3743362889848657,-0.09247937519531824,0.7612759442576446,-0.06595128781574301
2013-03-24,-0.4881063103809705,-0.8229290261246018,-0.02835000770533888,0.31078597742464037,-0.4465777928782755,0.09302501439230634,-0.7028423783356118,-0.55056476833643,-0.30286305463700686,-0.03675864949620339,0.007662215890534247,-0.08688346458176038,-0.6825472955760208,-0.30490703286556303,0.6961994677391156,0.5085897042384979,0.4450952753251016,-0.09004405491081807,0.762454210108668,0.05407404817433266
2013-03-25,-0.5332754914744534,-0.8424755207986245,0.06887802822665938,0.22416335337535298,-0.5050005758727363,0.16574282892225928,-0.6659043037212936,-0.609595727185789,-0.3227887996593005,0.013771297286663178,-0.005931635017047694,-0.18889843500158188,-0.710329125986057,-0.3692138773186005,0.7310495833457745,0.4819233306053007,0.5097594557304206,-0.03288789566702754,0.7708723315800264,0.14605106977150945
2013-03-26,-0.5090490584608688,-0.8512143325202179,0.18178443912769446,0.08022721570991824,-0.5445996862891533,0.07123419799818219,-0.6252464807414504,-0.6351715066143881,-0.21593857410398856,-0.0398789153678827,0.06383290728725664,-0.25913017805763555,-0.6979673342289947,-0.36836737830725136,0.7607966647344785,0.48559738035411515,0.4685684593311501,0.05061096973719618,0.7253044147918822,0.15646241620459295
2013-03-27,-0.4206540719966485,-0.8519059091634551,0.2651500872809807,0.006695902601159223,-0.555285123479594,-0.05954787801820227,-0.6209862860179676,-0.6046488583297024,-0.1356923955232654,-0.07291909149333038,0.1071354191219357,-0.29081173246950975,-0.6724754084373475,-0.34152445596974607,0.786317857633905,0.5161150349723402,0.36765674132972853,0.06876265259561659,0.7038076169953265,0.07694486557283553
2013-03-28,-0.31993788227373443,-0.8177128871370648,0.2620920698635323,0.025667769931765127,-0.514479108868686,-0.18013985809315108,-0.6469453703027759,-0.4707179165506356,-0.10814045338756041,-0.09859374978447674,0.09185888912700034,-0.17801966102812472,-0.5934898609375487,-0.24558366292328304,0.7558855672021432,0.5222865641449225,0.25852817660365546,0.06134784091108232,0.7026237633449546,-0.05179733575254786
2013-03-29,-0.2994265489787727,-0.7935496240511652,0.16755555830908933,0.12708924818548217,-0.47349353928986043,-0.21850677145380307,-0.6796067872809581,-0.3881690309477494,-0.18823724076562298,-0.046069045493435185,-0.0031340323417636956,-0.05085216786594274,-0.5567271139314625,-0.18866374046749068,0.6683778639620069,0.4910797558106701,0.280800871138423,0.013367542916071111,0.7311705018083805,-0.14955495188940715
2013-03-30,-0.39564049177033456,-0.8131672479926756,0.031460975356895626,0.2527504013238072,-0.4549455533418701,-0.05033305355482737,-0.7020507288192442,-0.469810382177297,-0.28938633405753944,0.03260853840552501,-0.054590304770122555,-0.10767033835862354,-0.6170448844184104,-0.2681646459340683,0.6981838534471189,0.5232834572181668,0.376736007903256,-0.10359843728858383,0.7635615228737529,-0.03591324438141302
2013-03-31,-0.47997083286525166,-0.8274424264096192,-0.03593219406476546,0.3229436044786244,-0.46957737918434717,0.09123674202115797,-0.6957426646433928,-0.5424165829027119,-0.32659467208790355,0.016329416160803828,-0.02081952109125906,-0.1672317012279977,-0.6643479975710154,-0.31828981826193886,0.7154005726958567,0.5262227170625374,0.4533077456250446,-0.12177718113622835,0.7707322492139604,0.086520178520713
2013-04-01,-0.5377437954130156,-0.841748864604368,0.014853743390407438,0.235992299211421,-0.5064146218127513,0.1854607997430236,-0.6508329289184696,-0.5998856380451305,-0.3569448102736388,0.013991247951539063,-0.05973565491640814,-0.2645096062087019,-0.6828252516722421,-0.3477683794234778,0.7467180091202127,0.46370897911268766,0.5234755286827113,-0.0883998311897171,0.7672244409922228,0.17209238401662286
2013-04-02,-0.5399797103856098,-0.8389979936235719,0.1070396294801632,0.08953245011301113,-0.5182998004720663,0.11355139005359921,-0.6019258320286043,-0.6120782772893565,-0.25719448012844304,-0.07873454936000869,-0.0031750729084042764,-0.33078648355184703,-0.6416654560461997,-0.2864803773359812,0.7720742886825569,0.44021222662464204,0.5050171836950617,-0.011313632711376559,0.6926984769317813,0.17040536910419676
2013-04-03,-0.4710390822878192,-0.8133087735508652,0.16429479074644976,-0.002763583991352639,-0.48415159856185463,-0.020325803516683297,-0.5922899208605625,-0.5294008267162224,-0.16440576336179918,-0.16330960182571524,0.0398925235843111,-0.3412096950451181,-0.5595327738863801,-0.18018943980535596,0.7874876856680401,0.44938530393790127,0.4019931861595143,0.022412735495503072,0.6320242316658466,0.06886058730584547
2013-04-04,-0.4002683944654061,-0.7658913278073513,0.11848769931766398,0.04256733301477113,-0.40826945730598807,-0.1297282686152268,-0.6170560741013837,-0.39611772368893167,-0.17040675457961424,-0.19831950672188509,4.2910816882305025e-05,-0.26124012279857417,-0.47628702688815466,-0.07047532835339894,0.7681254796364889,0.45027016775865825,0.3386059871461938,-0.011507873939863147,0.6345902177980096,-0.05552086893491898
2013-04-05,-0.40546654350407246,-0.7400442192532984,0.0032706336355434185,0.1587431940862391,-0.34410264336198404,-0.11933048639246029,-0.6498650401882425,-0.3301457787463059,-0.264362492489552,-0.14412894203295876,-0.1058438976090864,-0.16676615563353636,-0.45118384476795825,-0.006733388506611586,0.7118895869305136,0.4180023183856453,0.39488566754267296,-0.08636106597806804,0.6732384962155721,-0.14430616557977125
2013-04-06,-0.4858768131359801,-0.7303023962208409,-0.1280091494110165,0.2725425015220929,-0.26843940412124623,0.02504263410483011,-0.6698820874162392,-0.39003747353500906,-0.3349256698737879,-0.1704591294386559,-0.12633770397783597,-0.14359425269426332,-0.5010551420692584,0.01841469501285889,0.6791142822641814,0.42109877440458643,0.46527828830592133,-0.15689190687055815,0.6947866926762308,-0.07787560740254554
2013-04-07,-0.5582093799933521,-0.739164933199593,-0.21380212964094145,0.3356994155110615,-0.2510080337322332,0.1569875468507589,-0.6591961849107141,-0.4662826444235114,-0.3645615061093591,-0.21868203834575428,-0.09226385005522521,-0.1969781844112371,-0.5520789406706974,0.008854221199264881,0.6833785144611426,0.41189302965950575,0.5303460569515337,-0.15346689471535158,0.692379759916832,0.04082816484049859
2013-04-08,-0.6025449234529489,-0.765866880746372,-0.13959590361709923,0.26377821633621407,-0.3153386682392687,0.23720335158564587,-0.6158235743807562,-0.5336428686563508,-0.3934252752016428,-0.18276351624455062,-0.11470392491485068,-0.2933324265650449,-0.5864633437329894,-0.05393217808173361,0.7197641591566097,0.37725073858940306,0.5891231188929306,-0.09582442475462424,0.7019193927708084,0.1317374530232355
2013-04-09,-0.5929642953529688,-0.7750092778257566,-0.02677935277252924,0.12449531236462917,-0.35161870915650606,0.1562885409147917,-0.5692421874250928,-0.5552158160586431,-0.2984339381359525,-0.23931876674172237,-0.04763233143741677,-0.36343160975373123,-0.5643359784843023,-0.027647937612428862,0.7509182572479873,0.3777260704116312,0.5675877898265784,-0.008428414292975236,0.6455260483165699,0.13919968823273446
2013-04-10,-0.5228031523632066,-0.7715130779386882,0.047070329694607935,0.06427363663238103,-0.3466166670676917,0.025131878200680954,-0.5632373291169193,-0.5080217400791875,-0.22963098558737915,-0.2761222814008134,-0.007238174076091633,-0.4018084557064716,-0.5252990465542903,0.02221134961757119,0.7777731319288292,0.4116035504456737,0.48876667922994643,0.012056353144659913,0.617879813710957,0.05850785041095091
2013-04-11,-0.43801146768095656,-0.7228453108241775,0.014120340607324571,0.10394030165263068,-0.2846819062733435,-0.09672246404445071,-0.5914756154722277,-0.3693071446877366,-0.21975960906877756,-0.29934867767495676,-0.029823434351116465,-0.3097884697933366,-0.4353405063738638,0.11531208257793935,0.7548641335112132,0.4211188414741387,0.4069245448690553,-0.0006264093004767907,0.6197452621923265,-0.06666552504156814
2013-04-12,-0.43311970020267826,-0.6990244565660094,-0.08774285499053416,0.21284445111558942,-0.23306492019242497,-0.10171546443096634,-0.627473149084551,-0.29943581172989914,-0.30464207157025036,-0.23349859373864532,-0.12691536983761617,-0.20743713260329177,-0.40854889232012737,0.16498743670680308,0.6967958783969265,0.39698026625482014,0.45129336878062076,-0.06416609401636524,0.6600223383755384,-0.1554826486465068
2013-04-13,-0.5085360384526667,-0.6895457422178961,-0.20616381993136362,0.31858380652808593,-0.16642329037707754,0.035735587726598655,-0.64997845912269,-0.35743970214834303,-0.3647606948128945,-0.2538102652803813,-0.13504303887890073,-0.1714936765185199,-0.4592357976279078,0.18316632376464642,0.6581643953692902,0.4039068417522702,0.5109616508599131,-0.12326195300723064,0.6811305766951007,-0.09266510645185388
2013-04-14,-0.5773289373169489,-0.7055396126186322,-0.28198878202655747,0.38114179377534674,-0.16098413593738883,0.16585949102533715,-0.6415598901291454,-0.4388241671582459,-0.39200414613119106,-0.285293208526569,-0.09760109170596794,-0.22685854289313231,-0.5171985073563129,0.15201035006678085,0.6697170300542714,0.4026648448828618,0.5699814469174178,-0.11813532188584032,0.6836258822858908,0.02998093091545871
2013-04-15,-0.6183121110673446,-0.737885060780117,-0.20080381721088952,0.3149936664567701,-0.23787263499033195,0.2447503125937211,-0.6001459265178278,-0.510788986599002,-0.4190179430708928,-0.23303229045707757,-0.11796714374854474,-0.3211984661214764,-0.5581509185072995,0.06865102452483088,0.7094429745430048,0.3750288407929708,0.6235751438898989,-0.06153678413313816,0.6969704559650582,0.12498102743083973
2013-04-16,-0.6061844015603283,-0.753021956916138,-0.08108446540953473,0.17622547858526422,-0.28562511134355223,0.1648998698550601,-0.5554501343701461,-0.5389870973373514,-0.3250485074132785,-0.2760247295675821,-0.050407808953814214,-0.39145085694476284,-0.5451338598211363,0.07427284946893016,0.743731376809088,0.3809109017686358,0.6028084592941234,0.021661221532299796,0.6480561192056763,0.1392091254307372
2013-04-17,-0.5282599927517271,-0.7483885137678286,-0.0017460021852921809,0.10478846756520635,-0.2852863136510719,0.026970181299359935,-0.5508797673222067,-0.48337579653170976,-0.24192885031323194,-0.3138710007421851,-0.0017580861644181725,-0.41952087437914276,-0.497166453005779,0.12249865857268977,0.7700521996790988,0.4129204284694672,0.5092734839176467,0.052713350814954846,0.613924103695879,0.05412691278279093
2013-04-18,-0.4492764133638516,-0.7201522335505449,-0.030359838604981326,0.1630258702566258,-0.23958330993441984,-0.08715654927510808,-0.5809009323366426,-0.37071132950091523,-0.25083720900619666,-0.30794001794174247,-0.034648897851662974,-0.3556610316222409,-0.4380862873601656,0.18529278976371177,0.767345486916852,0.4321006639771283,0.44995346661350655,0.017351076451273616,0.6288449668836472,-0.062396669227235566
2013-04-19,-0.44399054850119274,-0.7026490527208435,-0.12752552125824101,0.2672288361700733,-0.1988494220300073,-0.08874542177127281,-0.6184074381068853,-0.31270160587613305,-0.3333320867207619,-0.23060020054127747,-0.13180371463404925,-0.25731738176889535,-0.4194814040551979,0.21886963961878747,0.7196266392850342,0.41247476576118663,0.4928941252435911,-0.05239080288987378,0.6695549046922213,-0.1475587571332441
2013-04-20,-0.5188558762956941,-0.7073775805340287,-0.2408608860114154,0.3691823217589748,-0.14958971234338508,0.05343672086215276,-0.6423894527744449,-0.3841877279163951,-0.4000046774828182,-0.2231457728698043,-0.15021607546738003,-0.2490733262930785,-0.4805924540093456,0.20102986991000313,0.7069124584733781,0.4291193426069453,0.5535566915389845,-0.1305763024141315,0.6973949510069293,-0.0675294984043326
2013-04-21,-0.5855331571544141,-0.713858338897711,-0.31288945171766225,0.4169846266081393,-0.14466387530421376,0.17675744126025092,-0.633898538795281,-0.45825897112074226,-0.40652746787792526,-0.2732414830167899,-0.09789437107112846,-0.27665913653225954,-0.5280570777526441,0.19176282745559184,0.6978698350912261,0.4182879217555162,0.6027521237290392,-0.10593624168541908,0.6874755808329003,0.045336555954824546
2013-04-22,-0.6245215040904954,-0.744555883714981,-0.22996817692524524,0.34612949316407277,-0.2245338998549551,0.25097871944590067,-0.592907173579182,-0.527113556090856,-0.4274109188018557,-0.22581868780018813,-0.11406725651041155,-0.36273119258947856,-0.5656103364144557,0.10816178414616553,0.7328647849018542,0.38893424836824886,0.6509600707542802,-0.046436763376942525,0.6989003765878581,0.13733595386593056
2013-04-23,-0.6100597315188853,-0.7584783439214167,-0.10776301287350322,0.2041522666928666,-0.2751213798027716,0.16717748639607602,-0.5486185774616743,-0.5530891546309207,-0.32892798097715453,-0.270534191772176,-0.04451569739713193,-0.4265832049432713,-0.5498014275140117,0.11180797537139506,0.7634893997082235,0.39394686293835096,0.6249673649759551,0.03683556921091142,0.6485064246081961,0.1499574371558481
2013-04-24,-0.5337645781446282,-0.7574173973690888,-0.02666172548831945,0.14054323827399035,-0.2809568252652356,0.03194423310332428,-0.5447560696340298,-0.5069259015838875,-0.25205597103857946,-0.30138578542179173,0.00038023441579516926,-0.4574047031661357,-0.5108882598968342,0.14701060675120042,0.7888308743846086,0.4279850476707555,0.5378439976242632,0.05865172687516859,0.6210342133955382,0.06973417415276378
2013-04-25,-0.45068453543028947,-0.7238181659099355,-0.05417067796257105,0.19056449295522848,-0.2352283752409195,-0.08630864226415277,-0.5753895562332135,-0.38613314130527837,-0.25159626246529104,-0.3034966736168502,-0.0277284217623158,-0.3809069426879075,-0.44158146405808213,0.21264798464525347,0.7792126219212012,0.44406101976557893,0.46733013155222153,0.02961848118580934,0.6316949634300867,-0.050755136741920726
2013-04-26,-0.4404761840091117,-0.6980013992093125,-0.1488947104350527,0.28775192240398206,-0.19116054081571746,-0.10024047718136518,-0.6133994924416873,-0.3130159035156455,-0.32872767029221184,-0.2393383204918081,-0.12156042596778027,-0.2663756670070309,-0.4086235477738038,0.25476201495816647,0.7152038694796083,0.418739276825782,0.5010861754893109,-0.031003988995977807,0.6695879999604675,-0.14194223212751872
2013-04-27,-0.515326840240057,-0.6989494028204861,-0.25933020730885736,0.3857666464817466,-0.1385090902591952,0.041102669585782486,-0.637759589594229,-0.379991770783853,-0.39181731003079967,-0.24001870736224318,-0.13610481593242318,-0.24655231314593876,-0.46738851385716923,0.24366713949566218,0.6948633218831421,0.4319010294784127,0.5582259130221914,-0.10453213388437857,0.6949046304026385,-0.0674216726465606
2013-04-28,-0.582980760740008,-0.7143723847845578,-0.3294240421581801,0.4416984507022979,-0.14095901057418875,0.1700333063777552,-0.6301818850919161,-0.459006913668324,-0.4134418724097011,-0.27151824264525726,-0.09561964195693262,-0.2936305054701957,-0.5242600703066168,0.20611708196410403,0.7025881323063266,0.42955071015047974,0.6106507483491203,-0.10034841243893629,0.6956981519583675,0.05290446281142218
2013-04-29,-0.6218546556236725,-0.7446264663862334,-0.24512029490909293,0.3660631550223415,-0.22122414996270173,0.2438975163912529,-0.5890726862306092,-0.5274600693762719,-0.4310093154570205,-0.2265315912022581,-0.11034607358747248,-0.3766250784693663,-0.5610569373510763,0.12367686839619291,0.7364474358319175,0.3977241874357276,0.6573791194734828,-0.038817697338098194,0.7047413511750622,0.143441839621083
2013-04-30,-0.6109802582252684,-0.7623559899888384,-0.12150814585781852,0.23183776620113222,-0.27629318299223715,0.17291474991529807,-0.5451657177311715,-0.5611705899596441,-0.34438962513639193,-0.2594196373917759,-0.04749718308512049,-0.44466984063111203,-0.5579483036172869,0.10986167375363495,0.7687267826107076,0.4071045600274452,0.6416219965271719,0.033524367059717744,0.6639654099747869,0.16524853024396563
2013-05-01,-0.5381296013858506,-0.7182835133132672,-0.08848134432045557,0.13852274815903387,-0.20346594401974896,0.048663808987131504,-0.5146712364156506,-0.45711104332353036,-0.2566341036423942,-0.31742356258741655,0.014751039150708259,-0.47621265953541436,-0.45283917108968474,0.18678847312891728,0.7868216919617069,0.4112185312710819,0.5254905482615775,0.06343591489460788,0.5658958199511414,0.06403542627911643
2013-05-02,-0.49254189317964453,-0.7039166203246093,-0.15223103329904575,0.23259029320874014,-0.12780385937129352,0.004073085802516918,-0.5332950290584012,-0.3878523107379033,-0.3181719907802184,-0.2567200434279132,-0.04587942146062415,-0.5032907686692951,-0.4353549429226166,0.2078472062376665,0.8061560774416137,0.4338210439838546,0.5245718150225258,-0.034802989430801436,0.5906892515746534,-0.03213135676814713
2013-05-03,-0.48657950364037716,-0.6367358230976959,-0.25449018286956426,0.3240112002133385,-0.0411893639100219,0.014460322778705632,-0.564747991711407,-0.2830266134687473,-0.38752651788276954,-0.21934998700991648,-0.1322055392333034,-0.401267413153432,-0.36098355928393555,0.2778096011837898,0.725844946358275,0.3833216528187679,0.549851046892674,-0.0952646577799924,0.6167703343945303,-0.13283650379056106
2013-05-04,-0.5552463866631208,-0.5973981384141869,-0.3575871549164739,0.41518635358637207,0.04932986122327229,0.14440320754428007,-0.579430223323231,-0.3241503933295017,-0.43740327526628353,-0.2568587880538661,-0.12957598948376092,-0.3752566583106807,-0.39581337982774933,0.31726790957063106,0.6752179749859066,0.3719740867149734,0.5955581467180453,-0.1546845120095326,0.6178528842905527,-0.08219721563403953
2013-05-05,-0.6178341891760085,-0.602388900629808,-0.4324813766880214,0.4720089622766249,0.08524124052643858,0.26369201431243294,-0.5559855335524885,-0.40353569231394526,-0.45991868358010307,-0.30016477465530156,-0.08554507521484994,-0.4258302148051636,-0.4488613091980453,0.31024394097971547,0.6815022420529345,0.3549112267468232,0.6428006589056049,-0.1528831466804673,0.5971055240835914,0.03442541013847976
2013-05-06,-0.6560417807430381,-0.6370152311773769,-0.38702258182085114,0.40903701775745266,0.02103885525260709,0.34112183486994235,-0.4963260974879258,-0.47255733893180457,-0.47897317374086257,-0.2695413778051554,-0.09759834804973655,-0.49790617108557705,-0.4757394275660655,0.25414769436139606,0.7171601310160619,0.30760764110755956,0.6849323430566454,-0.09132996864764553,0.5934902115622519,0.1191310502938292
2013-05-07,-0.6459712892935131,-0.6373495999770189,-0.2875440215855533,0.2624082978057976,-0.0013600650506753534,0.267192454067926,-0.43477943655059287,-0.47211409126932125,-0.37143865004448523,-0.3273935763040537,-0.019862290258925122,-0.5499741105593383,-0.4219369794097136,0.2896661450612306,0.7460880209365097,0.29555805741076163,0.6430076804567975,0.003831473949951897,0.4982848033327015,0.11233300475841654
2013-05-08,-0.5785751446930123,-0.6166817572160811,-0.23152036110037366,0.20424093786328046,0.023865019097102966,0.1336812876147075,-0.4213937911975023,-0.38860311949366494,-0.2912412197498248,-0.36707822081294045,0.029577452736996482,-0.5798668112924052,-0.3527293385731462,0.33972641614857635,0.7711653896613683,0.3230602003162296,0.5458025090963329,0.033076413669761454,0.4403301219871489,0.023009305424352713
2013-05-09,-0.5092765056449438,-0.5663114468941639,-0.2746109601277045,0.2690704108396907,0.0842346817442661,0.027279358297782136,-0.4532741648591875,-0.260852603985515,-0.30381486957560133,-0.36322586046116734,-0.0048991489795677315,-0.5426221165742593,-0.2797154188874561,0.39628464499775173,0.7680377553230373,0.33842689681350335,0.48947662830591665,-0.007383739540011144,0.4521710686049699,-0.09207325267297517
2013-05-10,-0.5082026485706072,-0.5324584662728098,-0.3581273025662216,0.3647530309936281,0.13522668360769732,0.05126529107077887,-0.49665018961872237,-0.18761638238160655,-0.3825660218811043,-0.28882043304777744,-0.10540266264091738,-0.46924360413365535,-0.2526639517427609,0.4307004784929522,0.720542210911232,0.3118847031113706,0.5315136757048907,-0.08033337827131842,0.507465611058262,-0.17618892464554403
2013-05-11,-0.5748233146687387,-0.5271710819449993,-0.44566031993966193,0.4545036654677561,0.19165241928955995,0.18023146951450986,-0.5216562846740006,-0.25887296400178306,-0.4441880868754876,-0.2909424659375445,-0.1225906292126096,-0.4691375296550961,-0.3222414390256632,0.42984477779918717,0.7018984944012477,0.32307973095794873,0.5873272125561617,-0.15590087866062974,0.5404946125365774,-0.10091005992539197
2013-05-12,-0.6344469588950028,-0.5390017289858223,-0.5073349087557043,0.5098441081014334,0.2041533680845035,0.2935402948725746,-0.5060638762464883,-0.3463186645616823,-0.4627985147960856,-0.33118883174289004,-0.07838792193562676,-0.5067007460330589,-0.38472521163834555,0.4169067213049165,0.7029560550066714,0.31200599675057594,0.6359853411896899,-0.14654262832185497,0.5308250811221852,0.0175072122735057
2013-05-13,-0.671498808512145,-0.5866857501436504,-0.4512176903944314,0.47003572820581313,0.11433613426799495,0.3708975036256745,-0.4540381554324203,-0.42740930946150535,-0.4895329013296471,-0.27946755781972027,-0.09944529314184727,-0.5703030951507648,-0.43121190048523905,0.33489142723473336,0.7385648616445721,0.27827402811288904,0.6816764540613048,-0.09591575659981554,0.5474301239732281,0.11167635853358268
2013-05-14,-0.6612941515689291,-0.5967732275376574,-0.3430603168192535,0.3272595922918223,0.07210247720064748,0.29607248490076754,-0.3989362398389382,-0.43865891463706835,-0.384025791932252,-0.33176949732993755,-0.023878380885882913,-0.6146799896871713,-0.39115537727078353,0.3577099988407276,0.7659218498508131,0.27251237282521024,0.6483702958366228,-0.002327768420483739,0.4667560689306571,0.11169862984910212
2013-05-15,-0.5909923370274565,-0.5773725719741468,-0.2799838053743348,0.2644675834292505,0.08465523494272159,0.15453263189423522,-0.39080933643029503,-0.3553086432655046,-0.29540013717622177,-0.3736259154160187,0.02898128362551796,-0.6339050015889068,-0.3210968026133577,0.4039107281341335,0.7870665065086309,0.30110014446715827,0.5485044179165918,0.034183321752371015,0.41093663830746374,0.021349967690479227
2013-05-16,-0.5226868484764035,-0.5366033812653102,-0.3166839928576454,0.3283386068520341,0.13162291639454787,0.047460703299667326,-0.42731400125320973,-0.23780035629633994,-0.3103833877065196,-0.36285749810100654,-0.007834638110881063,-0.5973383094544358,-0.2595616208598863,0.4499065578000657,0.785445906287276,0.32152318874263924,0.5000176012493397,-0.009621435223413754,0.43198635506976013,-0.09067101478117487
2013-05-17,-0.5125660157632995,-0.48303119126846794,-0.39415629651045253,0.41136407021505583,0.18092245434388216,0.043748234444458835,-0.4742206194383351,-0.142893427441491,-0.3784416517991183,-0.3150325761056411,-0.09974106086109276,-0.48701110681663473,-0.20584304418843002,0.493859162670354,0.7042946647565661,0.2854550045329376,0.5290289180718681,-0.06086770912388023,0.48211895271836824,-0.18336774825319785
2013-05-18,-0.5785405879694235,-0.48488787433531877,-0.4762614711631824,0.49465306139960596,0.2301915609838437,0.17396287388771353,-0.5026445139744476,-0.2209359258455491,-0.4407772297690691,-0.31212594140813593,-0.11887146967568976,-0.48739456242141954,-0.28304410535463553,0.48531323803180343,0.6901739636193953,0.30047796370820834,0.5856440578424897,-0.13817106765187065,0.5202529948033456,-0.10433739121149424
2013-05-19,-0.6378863604000671,-0.5112925779848041,-0.5333713133347664,0.5500922280370627,0.2309184929620329,0.28977549872039776,-0.4904200024140838,-0.31845678727500193,-0.4687863543716912,-0.3372461078396969,-0.08340935494206983,-0.5313318822099103,-0.35882682263293836,0.45088055650731024,0.7034149595430634,0.2988891326140566,0.6371747935231882,-0.14351563826218455,0.5250909727579494,0.020859872402491222
2013-05-20,-0.6745658718394894,-0.5635848481780914,-0.47340256768967354,0.5110283719904181,0.13442249328506078,0.36840267032079943,-0.44060828220714177,-0.40449787504501633,-0.495592811994357,-0.2814545791143641,-0.10494221264892506,-0.5918768023770575,-0.41074086982244473,0.3635857609541374,0.7395078769730206,0.26743558753114466,0.6832102459965466,-0.09472177952108898,0.5445016766272184,0.11667807979258002
2013-05-21,-0.6680769779315459,-0.5861691244079579,-0.36236856556044805,0.3807219634537068,0.08027986008692822,0.3101503671694905,-0.387919968810063,-0.43406855128841426,-0.4054021240448727,-0.320507519554039,-0.03657270041255505,-0.6382220920510361,-0.3938392503959397,0.36722970193965276,0.7702067541864714,0.2704056832900115,0.6651336513131806,-0.014089581308861523,0.4816539026577123,0.1301746163522156
2013-05-22,-0.6092128332636237,-0.5903904535400875,-0.29786802194636525,0.34655621067451065,0.07625728191613583,0.18525233635808191,-0.3822581522819196,-0.39030421080122985,-0.34270074376082127,-0.33899287646416476,0.0037946404741225938,-0.6688875731199524,-0.3609033343646872,0.38967706679959097,0.7970319170058957,0.31007728917167054,0.5984150679659155,-0.006356436390425928,0.4525288103197388,0.05690448002167436
2013-05-23,-0.5424946790095427,-0.5528025287944077,-0.33368979924609066,0.4024887178429676,0.1186189455631383,0.07562642725624465,-0.4204739607678879,-0.2770847938726503,-0.3520887408007071,-0.3280454972970622,-0.028827366227334523,-0.6332586968366516,-0.298682846715044,0.43634619967424876,0.796607800180342,0.3309091652942433,0.5497314193258286,-0.05000836605411536,0.4706509521667814,-0.05809709959652302
2013-05-24,-0.53295323764715,-0.5033648444418903,-0.4093538535325507,0.4763831731831655,0.1641121685899155,0.07148730281489697,-0.4686988752088844,-0.1869556263302011,-0.4150344160798147,-0.27855238256359366,-0.11776621984021038,-0.5260734465360426,-0.24562297353567683,0.4803990573589936,0.7214532434912941,0.2965194976005716,0.575539237338169,-0.1015932679246225,0.517222665450204,-0.15281727424765235
2013-05-25,-0.5979948483379097,-0.5406532576175622,-0.48955021670549065,0.5529571994281073,0.1909148208633835,0.2045139896435222,-0.49920082849120956,-0.2892093001678451,-0.4881097839569881,-0.21244669125275617,-0.16238145733854403,-0.5661984604194445,-0.3421482792401025,0.40596454939550586,0.7436323720053944,0.3344977026517197,0.6336439173577287,-0.20578819284821226,0.5704814598976973,-0.04197489070909308
2013-05-26,-0.6548623893943266,-0.5666926221905525,-0.5450942671012918,0.603195125138199,0.18114238243262212,0.31675211706024986,-0.48614523539130367,-0.3816701073180939,-0.5147378527888746,-0.24012257922329955,-0.12345191232976174,-0.6046452006476307,-0.4142354726717702,0.37186094733928493,0.755152218536348,0.3335578817758437,0.6802595191030586,-0.21944066527554046,0.5744393522789578,0.07840350542294658
2013-05-27,-0.6900189446913911,-0.6117590471826007,-0.48458076946801015,0.5595864083049549,0.08231460232443594,0.39157281842381064,-0.43465334173037834,-0.46054724210521447,-0.5344318820765839,-0.1953861470797591,-0.13688865021368246,-0.6547631526704463,-0.45888108923494486,0.2969891153923379,0.7836256721187549,0.29793290057203403,0.720565933331107,-0.16825021427783973,0.5861154283288371,0.1673030560888219
2013-05-28,-0.6830526683124156,-0.6276429183951793,-0.3728570268962678,0.42253814849233906,0.027259392640297635,0.32830630767621105,-0.380456180135402,-0.48643692568003755,-0.435407445972072,-0.24733434857319847,-0.06102130093592519,-0.6919234204507009,-0.43363989121192015,0.31393249755559427,0.8073706724083936,0.296018345578131,0.6989006063359092,-0.08126937573653098,0.5137493493938998,0.17443577160537227
2013-05-29,-0.6230513140735238,-0.6241066754741161,-0.3076986918092157,0.3791729030351355,0.024718647134885644,0.1975953475616525,-0.37376771264757436,-0.4372878835477659,-0.36201397692516074,-0.279829375729796,-0.013022600310642743,-0.7137425529586765,-0.3898700831712058,0.3498779786738219,0.8278043897763802,0.33063234499975497,0.6255466665220317,-0.06517102825216728,0.473878135426959,0.09374148312028568
2013-05-30,-0.549617383799099,-0.5665778198732225,-0.3424074832265855,0.42109730732797135,0.0753138832756766,0.07514144174759392,-0.41160551142032303,-0.30484234741141647,-0.35173542771516747,-0.29453480973729856,-0.03276208189779783,-0.6545534651610514,-0.30270813081793,0.41314043196230127,0.8110749178274423,0.34179694702898655,0.556473186816155,-0.08844242840275224,0.47518081040755833,-0.03170247011788478
2013-05-31,-0.544776053577349,-0.530480614141285,-0.41685085545692213,0.4953992110347412,0.1187916544902411,0.08652451919566953,-0.4603461531248588,-0.2307767698517309,-0.42045579286893375,-0.2324339845567926,-0.12613292438413576,-0.5670984869551168,-0.2686853934735551,0.452211003406726,0.7531386681765634,0.31370077846298405,0.5893124240202098,-0.14960875329568837,0.5258434763683025,-0.12267226121802366
2013-06-01,-0.6051266010759117,-0.4983717631352452,-0.49867599763839965,0.5662936798884596,0.21205659914252406,0.21635073929374066,-0.45697793995114494,-0.2900332581015258,-0.48103226253245285,-0.20858517692963394,-0.1054475506971022,-0.5904748658711925,-0.326787532398206,0.4409350698151474,0.735386636592663,0.31638616306563566,0.6323333092586239,-0.22289511350052435,0.5224214208027488,-0.05170395817749783
2013-06-02,-0.659825183161316,-0.4866606135059709,-0.5597080198188206,0.6083205979974218,0.2688623783571512,0.32840563136061035,-0.4063941486023174,-0.36795663706900744,-0.5004772304839558,-0.23897046631165691,-0.03116147942152321,-0.630455933551302,-0.3772252069838365,0.4237210223417842,0.7327515993571038,0.2943645330014018,0.6696089041070182,-0.2137059982968826,0.4627107080088582,0.0585982375782712
2013-06-03,-0.6927069063527955,-0.5312584300786986,-0.5265808737560105,0.5731322612713803,0.22415579994675647,0.4132999888037408,-0.32228770190170186,-0.4434354803278374,-0.5298527390923029,-0.1682800157523191,-0.029745015865171424,-0.6813431441538644,-0.41517042864675574,0.33232204088521344,0.76496032136148,0.2520620330326865,0.7079559346020575,-0.16920305010231962,0.4509666389073631,0.14646758752405392
2013-06-04,-0.6777272408481438,-0.5174541157759132,-0.4391573358423962,0.42516443434735973,0.22757040489513264,0.36907387955288057,-0.24040291760420912,-0.43314584112195703,-0.4208100964468758,-0.22324380675331087,0.06147419484002317,-0.7185574443902166,-0.3480811150007667,0.35832598755265305,0.7872334336783877,0.23277394659945022,0.6451907244690663,-0.06903277380417454,0.32376085458534,0.13154816058104418
2013-06-05,-0.6065647714498308,-0.47527723427485635,-0.3946400293455111,0.37220634505687117,0.2685764869887575,0.24899549669790022,-0.21211211633888902,-0.3343018730500425,-0.33453222062708987,-0.26138553093255745,0.12493746760885889,-0.7426267039801745,-0.26592943003144226,0.4014586637107531,0.806160147503618,0.25416200981696707,0.5251202731030056,-0.03727709255451024,0.23333588552225173,0.035217298140854295
2013-06-06,-0.5289924144264739,-0.38575026994764744,-0.4352002235342755,0.4203811561852038,0.3333310943202915,0.14616908539478435,-0.2426138048366358,-0.1874551462412145,-0.3276197739431229,-0.2667279640180754,0.1128192784341342,-0.71436301085131,-0.1686433167955267,0.45881686817153855,0.7874679528134179,0.2564117902065396,0.43382917046642505,-0.06254170041732587,0.21087719379820186,-0.08799037840161256
2013-06-07,-0.5219336972671328,-0.31913404698536324,-0.5032448612439648,0.4962688563260521,0.3879396034895373,0.18066787905006304,-0.292462768042858,-0.08995192559373374,-0.39830057636719823,-0.19889658004948302,0.015776176821944946,-0.6565151966456644,-0.12186221209290525,0.49582463046941727,0.7215182752928037,0.21586888348856825,0.4656032389871051,-0.12404472328843122,0.26795193316106297,-0.18003681051255588
2013-06-08,-0.5865266420045115,-0.30318089174126295,-0.5720052234008361,0.568278230310722,0.43982689566778965,0.29604546862950837,-0.3180204303614437,-0.15899184369690184,-0.457715407350675,-0.19401392409570387,0.004316715441657288,-0.6659815674631865,-0.20069676486495966,0.48912173089930916,0.7043749576962789,0.22278939682999127,0.5265483627005424,-0.1992798238955762,0.30163107867446587,-0.10713824929350502
2013-06-09,-0.6445037398581295,-0.3137060394217748,-0.6217472158755191,0.6163548593432037,0.45978053611103703,0.3963572795379315,-0.2932895456175899,-0.25375189312508534,-0.4770588864675773,-0.2311747049097581,0.0506029588235624,-0.6961475151472185,-0.2729137653409524,0.4687502127348407,0.7080249522366735,0.20737969199689377,0.580575627723459,-0.19615046366556058,0.27994547975860506,0.010597613808841153
2013-06-10,-0.680267664019328,-0.3765634322057308,-0.5778831657508117,0.5885183629435644,0.3868690772882583,0.46945511904624704,-0.23083047079180233,-0.341261324794891,-0.5011458606354313,-0.17764277870959896,0.03410144215280074,-0.7365721975394333,-0.32107236922772875,0.3871653411837065,0.742491366253504,0.16566029025586554,0.6310420423715868,-0.14573002990477452,0.29110118610535896,0.1003100360043878
2013-06-11,-0.6724096661596033,-0.38778971730781064,-0.4819807733347536,0.4628912427318439,0.359545701709698,0.4270809464606312,-0.16791850786808485,-0.3497805525934428,-0.40039567439806983,-0.2270935310626116,0.10536547006758534,-0.7672570720969372,-0.28192351174532804,0.39982211638303466,0.7704370386530217,0.15735045162722686,0.5909172858535215,-0.05642652802984083,0.19944007320498683,0.09822013021486967
2013-06-12,-0.6109040360588609,-0.37092508676112945,-0.43091694080915377,0.4316081004031916,0.374419111304087,0.3087879443486779,-0.15575531951712798,-0.272878081221291,-0.32435050327880066,-0.25670287978563283,0.1508154010677952,-0.787503609553691,-0.22620014455366577,0.4300295660630069,0.7947007967208706,0.1900832994279889,0.4949174267913301,-0.039092739017974346,0.14260817002239387,0.013608603119533255
2013-06-13,-0.5401405846701381,-0.2998892556949613,-0.46621067001292515,0.48078163287229875,0.4194944909765928,0.20313452216599098,-0.1986658970643868,-0.13934288427327624,-0.32143405270926706,-0.25738187324124406,0.12506948650676236,-0.7595945204261931,-0.14440329545677116,0.480722794388169,0.7837734729747241,0.20077254652637133,0.4197624786512741,-0.07223660719619751,0.14477993877508516,-0.10394721341347209
2013-06-14,-0.5329153563585965,-0.23745227038711714,-0.5296293429370661,0.5483956552473019,0.45980035805642017,0.22481762413276676,-0.2577010409341745,-0.04405819320819729,-0.3893688033638615,-0.19822819271391148,0.025048817169106813,-0.689689450474258,-0.09670452376011993,0.5186561927591947,0.7122329734625688,0.16198904487004903,0.4525104110064728,-0.1293905939549337,0.2110880870346763,-0.19492729148311413
2013-06-15,-0.5961429701229959,-0.2308470820648969,-0.5944190491270174,0.6130140661893252,0.49913133977819557,0.3335897417842203,-0.2913616431459132,-0.11962837008286484,-0.4487014408535567,-0.1949821645758252,0.008163306619892589,-0.6944369907673416,-0.18007518199450023,0.5103513958251179,0.6970351320855442,0.17354680139722092,0.516132882465814,-0.20439764965744023,0.2561083627802129,-0.1186377511536794
2013-06-16,-0.6529256054552922,-0.2552449737974985,-0.6407750819340827,0.65721106561979,0.506066395482219,0.42865839159617247,-0.2741393270482549,-0.22271554860301204,-0.47113089557514054,-0.22767042829970682,0.04776212526062556,-0.7221976574765988,-0.25966674000092427,0.4824316266491729,0.7060911716967643,0.1650983938111962,0.5735905668812022,-0.2069927962737805,0.25011917681152473,0.00378051939237789
2013-06-17,-0.6881800746533312,-0.3276239562248411,-0.5940130593187903,0.6318586366101391,0.4208425666718403,0.4976818243372936,-0.21762173941937277,-0.31623421888389713,-0.49663273551471343,-0.17153667138299541,0.026958292416306658,-0.7590199074814998,-0.3132448172532911,0.3964251977528083,0.7415410400071583,0.12840794337558364,0.6261491006595541,-0.1596314145842588,0.2714236879763276,0.09701534991879635
2013-06-18,-0.672886144408976,-0.3181897069587972,-0.49531744837001673,0.47622265184485096,0.3965459643488092,0.42296953673426235,-0.15839112351063686,-0.2971822183960995,-0.3666024616718055,-0.2440349054432019,0.10922585629539465,-0.7807301757343038,-0.23998629155009,0.4332863328219795,0.7615741738157523,0.10802067525794101,0.558614083144621,-0.04736648130480728,0.16087414341797818,0.075302984033185
2013-06-19,-0.6117077237328594,-0.31117100546180915,-0.44158339730211116,0.44868489555454344,0.4039076862304093,0.3078014243801329,-0.1501425936696298,-0.2280671494479639,-0.29623161719103575,-0.27066239918693713,0.1500413592640417,-0.7993039802360536,-0.19323052582593597,0.45783913298277,0.7875859580969423,0.14665268856870411,0.4702731152746422,-0.032690090127196,0.1141721795309634,-0.003760545673945334
2013-06-20,-0.5403222897151965,-0.2461858099175659,-0.47497866794642873,0.49637295061940306,0.44377563388289193,0.20233252650997383,-0.19567418966500316,-0.09966459679762996,-0.2957862380009677,-0.2711983893407026,0.12184816861466151,-0.7685792658101347,-0.11579676294933214,0.5051687616567573,0.77733302552866,0.16136466398531601,0.39878316897750354,-0.06573330595162583,0.1221937871624963,-0.11843957494726919
2013-06-21,-0.5388053466121038,-0.21047189226146407,-0.5370360826597901,0.5644462995249568,0.47503483840865734,0.24072162269984046,-0.25685560529227913,-0.028408553954276217,-0.37457660607569593,-0.1895699055902828,0.013222284519310554,-0.7190560680721476,-0.09700034812045207,0.5274653582955652,0.7323828331055262,0.13650455429805342,0.44705174378544016,-0.1386790355863764,0.2047841585628296,-0.19883643977287013
2013-06-22,-0.6013901828284094,-0.2126159300451802,-0.6007493989479658,0.626974339099891,0.5091349830883293,0.3475556964662312,-0.2918185039313286,-0.1108953789054389,-0.43764259102527636,-0.18205805776762587,-0.005959532448973034,-0.7222294263003426,-0.18425032792272622,0.5132096955829698,0.7190486909478576,0.15317049930403814,0.5131872417605556,-0.21615435809576009,0.25554812612468575,-0.11759538858576232
2013-06-23,-0.6574485817988683,-0.24066033399767628,-0.6462327392218697,0.6696639793528565,0.511373526324569,0.4405893422809316,-0.2755565252273105,-0.2160970236847792,-0.46188534336530135,-0.2155235859488047,0.03440380591155695,-0.7460697795563703,-0.264236894089532,0.4840254484096428,0.7256401939760647,0.14734463592969232,0.5717022788504601,-0.2196944554342467,0.2520415191177699,0.00563161124431126
2013-06-24,-0.6916948480351939,-0.3124951079015454,-0.5989230373646022,0.6391287730950338,0.42402036831789314,0.5066359545212556,-0.21949323033949825,-0.30894152036730105,-0.48486928139199464,-0.1672643343702712,0.017997032891365554,-0.7788083233969347,-0.31314805124567874,0.40498558873920354,0.7571744709141971,0.10965977016534885,0.6238737604872515,-0.16645979119258178,0.2694460265498015,0.09671243633096523
2013-06-25,-0.6847876345847929,-0.33671312403775433,-0.5003796589505053,0.5192483398672205,0.38236941651755585,0.4642993762379258,-0.1618386532621858,-0.3291241055604565,-0.38951390456165774,-0.21359971954141346,0.08695551137002785,-0.8039778820264145,-0.28386569194462685,0.41108113915780276,0.7841314718412886,0.10924902114753662,0.5937473817531039,-0.08090453860183268,0.1897668881555559,0.1020325981568604
2013-06-26,-0.6161115446481651,-0.3070188927955081,-0.4470082963989129,0.4651802178751462,0.3953749734844857,0.3247608295896067,-0.1529870015668813,-0.23512012469238897,-0.29325643528092843,-0.26212340695682357,0.14221282618932368,-0.8132032001862781,-0.20577621087168277,0.45431074617422473,0.80171997222892,0.13793953291637326,0.4793851955099993,-0.04290829472123668,0.11950604055138231,0.008052745020268176
2013-06-27,-0.5525826741712063,-0.26286233833789663,-0.48010751346798136,0.5186696390541701,0.43073250829844983,0.23285065791649526,-0.19874753473263734,-0.12204752470002404,-0.31005002415787203,-0.24243136681586852,0.10463373916327304,-0.7951213108403258,-0.14975986308310676,0.4918952747716775,0.8015352070802044,0.16255808515341746,0.429296853722961,-0.09322049325336562,0.14488318965348088,-0.10151519551371369
2013-06-28,-0.5482661223534602,-0.218746397858136,-0.5415955758132585,0.5827894450751996,0.46328889330261364,0.2603900938083017,-0.25943980174598724,-0.04337563339503891,-0.3839070236936931,-0.17137694453569285,0.0017740951467636185,-0.7344644290757347,-0.1181331473425714,0.5211820295281426,0.7442804757758394,0.13424095637930525,0.47041866724760467,-0.15895022398606407,0.2204194952102962,-0.18666271016336097
2013-06-29,-0.6090242880930662,-0.2065160789571259,-0.6046622853543846,0.6420044760764408,0.500681721325326,0.36285998195733293,-0.29383549215464505,-0.11372707570586524,-0.43964396777153275,-0.18100328161224638,-0.00747342334550008,-0.7266954872366127,-0.1925746424610219,0.5214680711668359,0.7154511859461117,0.14476414449254138,0.5298823163420572,-0.22600749852402124,0.2590835448833141,-0.11546187519517934
2013-06-30,-0.6638970067402908,-0.23312947492627195,-0.64963323348459,0.6821020964308292,0.5043551061384097,0.45338583518015696,-0.27771284177070477,-0.21770043195054795,-0.46114174244541534,-0.21711279608431566,0.03448289753961924,-0.7491237383363303,-0.26975308947285087,0.4948412998668069,0.720459093234253,0.13878834507973756,0.5854018252223661,-0.22578181509261958,0.25278052238361365,0.006916731051527222
2013-07-01,-0.6889832997396845,-0.3023469073791436,-0.6013477535054749,0.6571583926242742,0.46113752379268536,0.5251668093528753,-0.17548301268927363,-0.3119922954648533,-0.4948146470348148,-0.10279187837096204,0.06643338122316886,-0.7844550629842466,-0.324845417486479,0.3600983068826405,0.7554390012738772,0.11398308794004978,0.6284151425908795,-0.17697991534551216,0.23210523524234722,0.10243767623562176
2013-07-02,-0.6634998311534126,-0.31478977546283243,-0.5013204339012152,0.5423883958824782,0.45423025133758843,0.5128508054572453,-0.08158201324093488,-0.33230028214103513,-0.40717773818766884,-0.09817091474005268,0.16061915979880495,-0.8129032663746372,-0.29800900085837667,0.32565785849825113,0.7843787621482127,0.11880126957799177,0.5591292726152566,-0.0924017435972864,0.11848853508131119,0.10729359061066185
2013-07-03,-0.5761141249733907,-0.27719414678801935,-0.4478662786486832,0.5043498801114049,0.4829939680158982,0.40522246805183626,-0.04001951843271494,-0.24619842563078184,-0.32118671534362053,-0.10064884313898595,0.2349638491195197,-0.8320353816748022,-0.23182594222515723,0.34105880322906507,0.806185381028197,0.151743111621285,0.4183380161105365,-0.06683269428920872,0.02471557732746267,0.016365153315756664
2013-07-04,-0.4923583264057686,-0.20758452614901599,-0.4819091774209791,0.5538902000160998,0.5266488263309161,0.3286609303456324,-0.06490637472761204,-0.12385847420062003,-0.32839274862926815,-0.05306085235640648,0.23433314908544786,-0.8288279954096989,-0.16713850972159194,0.37107718102016,0.8055400053145255,0.16986712288504818,0.324939688708697,-0.11424099868539817,0.008121815081335592,-0.0977709810847034
2013-07-05,-0.4805949343441748,-0.1512795940132281,-0.5438793247845662,0.614736411260971,0.5628575443819968,0.3708893946227811,-0.11562882013780212,-0.04586934934171324,-0.4006801927090098,0.04208848086710231,0.14455679090691567,-0.8023108362950595,-0.14327439433689385,0.3820306027568448,0.7615102350484375,0.13932214161860884,0.35649591844846285,-0.18649358532857196,0.07207620789527493,-0.18266567786873011
2013-07-06,-0.5497152280537332,-0.13393680989872414,-0.6069237715634032,0.6702855694624511,0.5985402545965338,0.46057194643346133,-0.13738389717049704,-0.12121386180934204,-0.45712293746937105,0.0688170060429088,0.1509582721514554,-0.809021371691235,-0.22461703212101405,0.34899311502379476,0.7468842565067789,0.14976625190444137,0.42256547230544245,-0.26252264467758435,0.0993139065664651,-0.10652250446127215
2013-07-07,-0.6124661008469028,-0.15189228865894386,-0.652106505429727,0.7099923047852295,0.6081503576907757,0.5384706907066337,-0.10362391239568293,-0.22471741084891123,-0.47703682479756043,0.051830361003132215,0.20258897367111078,-0.8283795308439762,-0.3017753675269251,0.29460865514223883,0.7542959478965631,0.14064774275973935,0.4845488229220184,-0.274534076120413,0.07183173956571576,0.015012176390286444
2013-07-08,-0.6492968789653745,-0.22351759870811905,-0.6055399253329742,0.6917589281327648,0.5383450376510637,0.5962764548409384,-0.03425201466401976,-0.316289049008068,-0.4962106210475667,0.11099638994324165,0.1993173399985602,-0.8513858022334401,-0.34809932364208673,0.1951098011610374,0.782914036163143,0.0994878491819465,0.5414334267960539,-0.23116238834428898,0.0702748133533816,0.10391184694783906
2013-07-09,-0.6340940515382827,-0.2212841812429718,-0.5067179636092958,0.5708350783956258,0.5164089369997639,0.5568007548395203,0.033128615936890496,-0.3179996293188056,-0.37800813354044305,0.05265979002365305,0.2721647054441881,-0.8680482213602514,-0.295854618862849,0.20644452197611363,0.8037839838389755,0.08627693089543756,0.4660102983067406,-0.13598403504908302,-0.03231755784504144,0.09220335613888521
2013-07-10,-0.5660495912480072,-0.20183239924980131,-0.454141415606965,0.5544382847866794,0.5267048607200114,0.45487769688883073,0.05080064758688969,-0.24801477943225927,-0.2987884317057844,0.032122691548913666,0.3173691774991827,-0.8803263358667534,-0.2464292991005812,0.22600714661917623,0.8246413383599279,0.12120576602691682,0.3524016666661857,-0.12946909632477557,-0.09411177169794883,0.009968735957470637
2013-07-11,-0.4965792616081912,-0.1448932037077529,-0.48820947306671963,0.6026719725806864,0.5582950112791325,0.3793381351814012,0.006535267583781659,-0.1334235929904577,-0.3086933317257192,0.06144755384175434,0.28935378154260594,-0.8727059035818565,-0.19069736982527646,0.2651297066932567,0.8244505121717491,0.14024703259683438,0.2796993736849111,-0.18395975998487316,-0.08449291959189056,-0.10035330203383273
2013-07-12,-0.48936815329126776,-0.087216589468965,-0.5495036016651842,0.6566646680696167,0.5869099641239048,0.41099686193667345,-0.05889753043491452,-0.050754867217130475,-0.37895943322312586,0.13097185650688511,0.1859293424426433,-0.8344471794244266,-0.15787222692631467,0.2963503338943668,0.7692278348958863,0.10472602801993951,0.31537602781690227,-0.249261538541198,-0.01023393895310594,-0.1866477746655274
2013-07-13,-0.5584726852402929,-0.08767280632728888,-0.6117811288854466,0.7065451259472368,0.614141721197211,0.4954282777513248,-0.09372165639967911,-0.13688450515654985,-0.44116007575595023,0.15312198913535827,0.17066990583604988,-0.8404016588166664,-0.24542711648823556,0.2599397314941794,0.762368246681735,0.12093490231110074,0.39310290699068695,-0.3263575787646256,0.04192314966347496,-0.10055147479669653
2013-07-14,-0.6204478873098751,-0.11420342430409781,-0.6563456587339441,0.7425253410236906,0.6156101693669455,0.5683534295145778,-0.07034428139631207,-0.24123726307643956,-0.463709302814002,0.12580189974456685,0.211488766638525,-0.8558079622454715,-0.32296449727291165,0.21135112900672473,0.7697405556561533,0.11390086131559092,0.4620932958502961,-0.3415632587635724,0.029836367998276655,0.02271577820612994
2013-07-15,-0.6585875459503333,-0.19545042508370908,-0.6094740227244968,0.730579497920347,0.533508984850645,0.6231912835828938,-0.00897853860926947,-0.33460771114285626,-0.4884315733222372,0.18015410593290587,0.19552944124681454,-0.8751194051649591,-0.37408933273362605,0.11370047783596596,0.7973288537371884,0.07730932649931066,0.5256720199917851,-0.30677700719258433,0.045303941931333164,0.11574964334353305
2013-07-16,-0.6507161258981223,-0.21171215585732417,-0.5103819766529696,0.6293159889555932,0.5000185005004023,0.5951876771211383,0.052039729624947684,-0.354745204130773,-0.38473486505337784,0.1281108784637271,0.260502763713593,-0.8896949326367515,-0.34087956186676727,0.11624201188833666,0.8192250703031385,0.07227265801295626,0.4753749053792965,-0.22343264401346413,-0.041491478716492614,0.11664255589222655
2013-07-17,-0.5846639223423984,-0.18690556019212767,-0.4575209710934575,0.6045018632209433,0.5095173209924733,0.4834281639739786,0.06502546146681536,-0.27940698115460283,-0.2963181328665214,0.08981885797677602,0.30684818954681853,-0.8981852759028501,-0.2804540654330639,0.15391989798497036,0.8366740742255302,0.10421085793197021,0.35920845493041276,-0.20722894361272515,-0.10535284624939882,0.029265760965724516
2013-07-18,-0.5123676674031346,-0.11742641366400783,-0.4910885167381656,0.6427455472929897,0.5437522314562576,0.3913451410529038,0.017359871946204496,-0.1521016815333836,-0.2915352239789734,0.09475283344225463,0.2843657467468803,-0.8822299378386156,-0.20486477350836158,0.21543539246700577,0.8265597518963198,0.11683436187574651,0.2739328436841925,-0.2447775365308777,-0.10675831453611385,-0.08766470352041748
2013-07-19,-0.5095200921792105,-0.07293900005571392,-0.5519761088093827,0.691788388607307,0.5709546424377437,0.42854536407586735,-0.051297913642595075,-0.08067883316969424,-0.3678512844892941,0.1671486405427809,0.17359986789990184,-0.8515261646662364,-0.18483324723646874,0.24316748770456414,0.7824719877857725,0.08801400655927591,0.32039210744133984,-0.31025858324417743,-0.020186000214941408,-0.17022335184510856
2013-07-20,-0.5742297036212946,-0.03058967027633956,-0.6138550222209408,0.7351227248839329,0.6058934702324957,0.5075638691664779,-0.08705621888018938,-0.12750842903845705,-0.41033154344991923,0.13612180807753765,0.1807541013688854,-0.8371141918200656,-0.23850129197524447,0.26353411577622127,0.7310214729114631,0.0839277073544899,0.3792842603635804,-0.35878331699846006,-0.005931360349943564,-0.11389371275728244
2013-07-21,-0.633739697062708,-0.05475785744978976,-0.6580056722515267,0.7659914133161342,0.6110284060466133,0.5783652446004465,-0.0662470250409789,-0.22964598627500335,-0.4295642535047397,0.09989246361303684,0.22008275997052523,-0.8517945674862054,-0.31250952467103377,0.22564023048958454,0.7373665598482015,0.07598614095952683,0.4471804886036916,-0.36227286404612913,-0.019497222827258357,0.009145279697111736
2013-07-22,-0.6699664668979015,-0.14245111684309378,-0.610401422433725,0.750148867053299,0.5315057406896072,0.6315525842499823,-0.007121912339679931,-0.32382722595052205,-0.45676993755994694,0.15532731878637407,0.19939809741750966,-0.871661198856013,-0.36400306807496474,0.12827391190631546,0.7693769277567867,0.04237766855445638,0.5122157684421794,-0.3223164778729943,0.0014727389228194922,0.10434097336011386
2013-07-23,-0.6588007233998827,-0.1570362605349856,-0.5105030643700349,0.63818302181734,0.5022511943308294,0.5964285512800536,0.05235619646724226,-0.33676336976595705,-0.3482537728018372,0.09713079653211856,0.2641377092510193,-0.8861900611624223,-0.3225130507400477,0.13869247293707723,0.7938274101879602,0.03697703022733617,0.45402224631331345,-0.22878760709963963,-0.08418240902724478,0.10237449870718447
2013-07-24,-0.5885280201498122,-0.13062061963031543,-0.45683074289309283,0.6059263124837927,0.5143914808545275,0.47839228522318034,0.06386612725098618,-0.25351321041510094,-0.25675249670437683,0.05404935790170131,0.3101856845695268,-0.8941794317195664,-0.25541026052079974,0.18105311323394574,0.8134018606308913,0.06934581976688325,0.33243224355899376,-0.2033833770959171,-0.1469777485910293,0.013735960866839814
2013-07-25,-0.5095861785950925,-0.055089143494061486,-0.48992843625769134,0.639774141700213,0.5511543373469985,0.375346528743932,0.015296571372155308,-0.11833594047267892,-0.24383918639781277,0.04795130594325896,0.2909989864124677,-0.8716374138942713,-0.16771805967259446,0.24926270593191197,0.7969692740182954,0.07912927448032439,0.23557850258976903,-0.22895791886588684,-0.15458247457134208,-0.10469771552940786
2013-07-26,-0.49968265314555377,0.0029139806395655846,-0.5507386203952492,0.6876439455701424,0.5825788416631235,0.4028011197983168,-0.05381755496924298,-0.028032010090189602,-0.3184623832329573,0.10909538656107987,0.185638479355413,-0.8255967214392006,-0.1267258785996281,0.2921236293731652,0.7313029615301749,0.04397682499448995,0.26875729473866505,-0.28259597943635645,-0.07737683648963536,-0.19305460063357122
2013-07-27,-0.5663677410778201,0.020843037550770497,-0.6127118148684262,0.7322165651104505,0.6150477922153554,0.48710073491772565,-0.09156248046888937,-0.09502878984909072,-0.37734600596436235,0.10367606097957359,0.17797303458515754,-0.8232161680316233,-0.20198142697823962,0.287850098642658,0.7059225540899847,0.052865564573212946,0.34232734689376126,-0.3426422387454552,-0.03808341836586125,-0.12136591367910976
2013-07-28,-0.6270657050313506,-0.011983646951232496,-0.6568405265847176,0.7639648420261318,0.6195365901522804,0.5611829230305612,-0.07181546952378937,-0.20266041646880673,-0.40443885767494614,0.07528069836567317,0.21399260196800907,-0.8404746619201648,-0.2832391538219902,0.2423823164629252,0.7182411976916806,0.04993050786851672,0.41652863782615246,-0.3499954357462191,-0.042559725437258604,0.0041292533251163915
2013-07-29,-0.6639388940582593,-0.10396065468101444,-0.6084790739493833,0.7476717655560849,0.5412283012514205,0.6170148176470659,-0.01311827797917691,-0.3000646212224567,-0.43502381480257735,0.1328107045251397,0.1928262289097806,-0.8619679646081071,-0.33805370396160733,0.14383725691051708,0.7529820008438846,0.018358635123497738,0.48566878800466795,-0.30931857206152,-0.018453540233080115,0.09955870937098182
2013-07-30,-0.6491392897344832,-0.10789014223893217,-0.5077681736867135,0.6201673755288651,0.5172660241587701,0.5731634608112213,0.046497006545391205,-0.300164768796904,-0.3169291048714465,0.06253104650529134,0.2622218734875588,-0.8765715287325963,-0.28211639316291176,0.1684300516795833,0.7766644362091923,0.008058066133494832,0.4146527864075042,-0.2037170701082976,-0.10964501774577232,0.08761440250107617
2013-07-31,-0.5833655980118235,-0.10005167404663733,-0.45369692328319977,0.6014957331271009,0.5250333836536233,0.47275004981798296,0.05708985081560593,-0.23469856296139177,-0.2435366064101056,0.03805100356874089,0.30186694712168477,-0.8876980056760937,-0.23638178506738405,0.19280705064121129,0.8014124909847332,0.0496347226534159,0.31093971675575105,-0.19318395952029768,-0.15786296973407193,0.008646120676356742
2013-08-01,-0.4579499861745621,-0.0370405302153197,-0.46691921016104687,0.6373520037872078,0.5654094521095167,0.3891133937733622,0.046510496908784664,-0.11124902563280989,-0.2382012400327061,0.11095415625091368,0.3331993592959014,-0.881561794666787,-0.17454800660134737,0.20184512902736637,0.7964063846539967,0.08592168692784542,0.1776853817995912,-0.21047403910669646,-0.18610484889555745,-0.10640877162429294
2013-08-02,-0.4124788552901483,0.015742998500574652,-0.5240443486417921,0.6858531361346472,0.5994156835489713,0.42294043396707814,0.0029292399097961275,-0.02996333231835034,-0.31257685044037853,0.2093079162464933,0.2743283393406678,-0.8540278486236045,-0.15189674270124393,0.18905030105280055,0.7423203790395356,0.06861117116737273,0.16860202760449447,-0.2602513658880714,-0.13161644171970097,-0.1935808349527189
2013-08-03,-0.4859972516753791,0.024309704127893947,-0.5876373807634822,0.731049080508422,0.631875888332237,0.5053509585847402,-0.012449309440664967,-0.10931384409422541,-0.37285666856307353,0.26084627977969116,0.29942733147759915,-0.8581965878312658,-0.23814828886518452,0.1201175535674481,0.7292429168732878,0.09294166584658783,0.22937603324995842,-0.32382060463189405,-0.10805325283341878,-0.11678504893956376
2013-08-04,-0.5555204023408267,-0.011907836499550281,-0.6294713951730591,0.7640590832360451,0.6376935846981651,0.5771947066927221,0.028011424025245667,-0.21948699476981326,-0.3976805875591968,0.28092765149018467,0.35277107251075196,-0.8734327596886823,-0.3228126831521142,0.02648945274195534,0.7439824929823381,0.10135642726782246,0.29832083696434847,-0.3347748938421195,-0.13050696711796742,0.009291033291088685
2013-08-05,-0.5895826212639099,-0.10015360062628588,-0.5569159368855466,0.7497749711327115,0.5647660436376496,0.6313877509008686,0.1002010933342467,-0.31621858991429086,-0.41959349786617234,0.3478695552056438,0.3601994505152357,-0.8905846772473969,-0.377558193909193,-0.08703602384281248,0.7753102765244513,0.07475010589450373,0.36404484755017014,-0.2923244109148758,-0.1315261206431826,0.10153068165210785
2013-08-06,-0.5598178731514716,-0.11909819806464485,-0.43432683844110365,0.6512867659103454,0.5355773804564149,0.6086649791412477,0.16806169838825677,-0.3424812914028344,-0.30887801723388164,0.32998030923669036,0.42323126201718503,-0.9037720889505805,-0.35287719444355453,-0.1254096201240556,0.8007327634783402,0.07936484297000226,0.2718837261741795,-0.2068648756215299,-0.21549046326502436,0.09981388711071339
2013-08-07,-0.4646738200233008,-0.09074806483550729,-0.3617989553090979,0.6263978208144845,0.5463697975196438,0.5012070729429404,0.18970696066985568,-0.2697420606707035,-0.21112464202882794,0.3166724047381228,0.4714747872270829,-0.9114584101962803,-0.2978075715659141,-0.11965514732224757,0.8205693381982075,0.1152446629128224,0.13280766520602236,-0.1878348145446732,-0.2809652468868644,0.009558657212009158
2013-08-08,-0.37278988966456883,-0.030137224996401236,-0.3918519617724556,0.6656975397201402,0.5772867688087827,0.4240936680561534,0.14680536783918938,-0.15476597885381876,-0.20938965937247714,0.34835473590657895,0.4603991824427419,-0.9023318731103502,-0.24209469768398717,-0.09312728864407267,0.8183895553198798,0.13472978863042714,0.031998737300418995,-0.23500876598174733,-0.2842338072845053,-0.1038181528192464
